name,S,O,S_x1,S_x2,S_y1,S_y2,O_x1,O_x2,O_y1,O_y2,V
501.jpg,person,tv,358.36777,1166.9872,176.74367,678.5521,96.51856,478.38773,8.149552,265.71945,is watching a
502.jpg,person,tv,563.6738,1140.593,43.792995,542.92786,64.03849,454.26022,92.43983,383.36578,is watching a
504.jpg,person,couch,929.53235,1058.0085,174.75885,331.09814,17.035616,805.0327,414.94803,836.6043,is sitting on a
505.jpg,person,tv,114.64656,536.39734,180.0038,766.5432,739.96783,1097.6259,147.94847,410.90103,is watching a
507.jpg,person,tie,926.45197,1188.2427,109.98099,421.86365,1066.0577,1091.2885,203.09464,387.57584,is wearing a
508.jpg,person,couch,430.4855,580.3763,153.9406,356.8587,554.2326,1292.7299,348.6668,856.94305,is sitting on a
509.jpg,person,couch,222.21251,572.60834,89.171234,361.9094,771.11066,1291.8391,338.80862,862.7622,is sitting on a
511.jpg,person,tv,220.35075,447.3384,72.91763,297.5314,88.62355,272.45215,46.032867,161.7189,is watching a
512.jpg,person,tv,0,612.5015,101.769226,378.9626,404.90417,753.0943,62.553787,300.00873,is watching a
513.jpg,person,cell phone,3.4895916,456.6729,40.404793,397.71967,312.2017,344.8699,151.51836,222.68144,is holding a
514.jpg,person,tv,612.74066,1911.9797,130.47997,963.33356,234.94604,732.3935,266.5472,613.624,is watching a
515.jpg,person,tie,55.09604,707.3735,102.33686,1300,440.0438,528.75476,504.6215,1071.1528,is wearing a
516.jpg,person,tie,141.91927,858.1492,53.25435,1305.7582,470.44714,526.78296,378.68903,966.61255,is wearing a
517.jpg,person,tie,0,1164.8307,0,800,730.2534,868.6009,442.73773,796.88245,is wearing a
518.jpg,person,tie,429.06195,1262.3593,21.017088,1031.5923,808.7589,950.17554,551.80853,1024.7863,is wearing a
519.jpg,person,tie,0,333,9.914804,496.69366,153.36734,208.21532,274.67328,499.77274,is wearing a
520.jpg,person,tie,12.723445,167.0856,1.6119593,258.18704,80.819824,108.31696,84.681564,217.5443,is wearing a
521.jpg,person,tie,13.551123,861.2284,51.869526,1300,342.50598,486.45963,515.04034,1238.2618,is wearing a
522.jpg,person,tie,425.00516,1320.6469,38.906746,985.6952,737.25385,851.8567,268.42792,991.3246,is wearing a
523.jpg,person,tie,95.77567,267.48035,49.733448,472.4909,168.07912,186.17912,124.017265,229.26837,is wearing a
524.jpg,person,tie,367.03204,964.26495,24.124828,680.7542,629.88,708.86084,307.54288,681.5112,is wearing a
525.jpg,person,tie,109.63801,680.5982,48.9527,1269.4856,402.57535,495.93555,336.69107,671.72955,is wearing a
526.jpg,person,tie,294.4033,1087.3306,51.9708,990.9525,779.87335,847.5839,392.24435,664.7683,is wearing a
527.jpg,person,tie,143.64807,358.3716,13.226984,324.536,241.10284,282.44418,126.487976,321.4009,is wearing a
528.jpg,person,tie,70.77548,515.12805,38.630867,397.9798,300.19815,324.8675,163.26743,285.96436,is wearing a
529.jpg,person,tie,391.94815,962.7905,0,1428.8394,622.03656,688.6634,287.4066,600.0563,is wearing a
530.jpg,person,tie,57.46692,606.5479,13.57302,577.9901,272.37836,337.74844,326.87686,575.0712,is wearing a
531.jpg,person,tie,69.91258,434.17673,25.222712,560.4314,224.27841,319.26578,213.93451,557.7482,is wearing a
532.jpg,person,tie,144.46028,361.33832,9.087963,332.78122,239.7017,266.56308,149.15956,326.3025,is wearing a
533.jpg,person,tie,489.74112,1402.4812,71.842445,1280,856.3102,1018.0837,579.9429,1263.4525,is wearing a
534.jpg,person,tie,9.617515,168.51105,51.476902,251.95479,79.35375,98.58028,110.452415,222.08006,is wearing a
535.jpg,person,tie,684.64484,1916.1045,17.353481,1387.7335,1024.765,1164.3093,519.87244,1396.6993,is wearing a
536.jpg,person,tie,122.407005,335.34512,5.202222,308.46777,218.23433,249.34108,134.58191,279.32257,is wearing a
537.jpg,person,tie,446.3423,1094.0094,47.620552,1066.8317,733.9969,798.52216,442.67276,751.72546,is wearing a
538.jpg,person,tie,52.65602,183.9109,8.725732,160,108.06707,127.12622,77.8187,158.56041,is wearing a
539.jpg,person,tie,49.87182,432.2052,0,685,190.09047,240.23938,235.03717,353.40543,is wearing a
540.jpg,person,tie,10.973253,187.44847,3.247852,160,113.7464,129.82352,67.2804,157.94884,is wearing a
541.jpg,person,umbrella,170.22632,232.88835,51.719864,237.27873,138.41327,245.76964,20.88478,65.19046,is holding a
542.jpg,person,umbrella,386.0613,982.75543,173.86026,861.7223,80.50053,1030.5529,48.441547,693.726,is holding a
543.jpg,person,umbrella,315.82184,989.7451,187.44434,837.97296,46.11909,902.1885,37.446217,574.49963,is holding a
544.jpg,person,umbrella,163.86969,577.1084,362.76865,1296.5668,76.0464,828.98785,167.35123,406.14636,is holding a
545.jpg,person,tie,212.9972,600.6187,250.98956,986.2168,378.7651,428.90033,428.42593,720.135,is wearing a
546.jpg,person,umbrella,314.77338,642.3673,245.21873,1252.0884,51.404556,767.2729,87.17741,483.38794,is holding a
547.jpg,person,umbrella,300.17923,589.8664,222.00146,662.9359,53.758144,702.22076,98.6741,417.43442,is holding a
548.jpg,person,umbrella,345.7457,547.54816,102.74249,427.4602,186.38927,630.5287,35.777668,349.26678,is holding a
549.jpg,person,tie,22.03614,227.90573,119.634384,434.61813,142.7855,157.98009,166.06905,223.14423,is wearing a
550.jpg,person,umbrella,290.90622,777.01483,231.05159,1172.3691,170.68567,664.3179,61.276703,253.30966,is holding a
551.jpg,person,umbrella,141.4259,251.28204,50.69881,237.42969,127.66657,320.6633,6.06952,225.72827,is holding a
552.jpg,person,umbrella,231.98894,828.9264,469.6913,1595.724,80.79675,951.4096,336.7297,1040.906,is holding a
553.jpg,person,umbrella,305.4469,937.84955,292.78043,1161.2831,39.316383,637.29285,83.926216,312.56543,is holding a
554.jpg,person,umbrella,221.59901,455.47986,97.656044,405.63974,108.30675,470.67767,53.29636,308.78833,is holding a
555.png,person,umbrella,220.96446,436.39517,34.30056,592.0428,84.04994,529.8086,5.6924963,291.47775,is holding a
556.jpg,person,umbrella,311.05835,565.70123,413.59595,1128.2064,211.45338,613.15326,337.83463,673.43536,is holding a
557.jpg,person,tie,196.85841,507.786,12.906475,402.5396,329.65344,373.79,189.9872,377.0842,is wearing a
558.jpg,person,umbrella,204.45456,824.46497,515.49255,1280.8511,0,661.09607,273.2404,591.2169,is holding a
559.png,person,umbrella,203.17825,605.65045,467.46466,1510,0.9237482,945.9389,241.83421,903.28235,is holding a
560.jpg,person,umbrella,50.64866,421.18604,142.71304,861.5435,283.5211,583.43365,67.55931,347.83197,is holding a
561.jpg,person,umbrella,197.03848,556.4361,142.08713,1255.0459,69.844986,780.1816,37.2606,443.4893,is holding a
562.jpg,person,umbrella,87.69654,175.01282,68.35671,382.54285,4.053755,222.10956,36.053394,182.16006,is holding a
563.jpg,person,umbrella,78.18046,252.27766,235.21577,612,131.57547,417.22888,46.08687,229.75223,is holding a
564.jpg,person,umbrella,115.87987,417.33292,72.28357,410.52182,156.89767,555.8206,53.886147,333.1019,is holding a
565.jpg,person,umbrella,94.37162,1024.4996,296.79492,1294.638,32.54278,1026,34.97061,779.3627,is holding a
566.jpg,person,umbrella,35.840813,326.33887,210.33443,610.58594,122.51896,416.556,80.12819,205.42226,is holding a
567.jpg,person,umbrella,182.55309,344.18164,136.02844,399.77402,80.062805,441.56952,49.65405,184.22905,is holding a
568.jpg,person,tie,450.58472,834.5514,332.0493,1252.5371,596.49084,645.1691,467.35153,732.9099,is wearing a
569.jpg,person,umbrella,263.38107,645.52673,296.93225,857.5494,10.602166,692.4545,118.76953,560.1705,is holding a
570.jpg,person,umbrella,207.76538,463.18738,105.68515,575.22485,323.0927,596.5491,15.580493,209.26921,is holding a
571.jpg,person,umbrella,192.10869,266.5056,59.36016,250.13995,111.59821,256.32648,0.7386763,96.264626,is holding a
572.jpg,person,umbrella,238.30399,390.47122,273.46652,746.7098,68.025536,558.4472,169.07434,368.44675,is holding a
573.jpg,person,umbrella,30.975584,271.08154,168.06339,489.0879,27.423538,257.20142,73.590416,187.56203,is holding a
574.jpg,person,umbrella,355.79926,1094.3855,362.80432,1063.5345,398.82672,1580.0452,17.695631,945.8447,is holding a
575.jpg,person,umbrella,378.3537,1151.8427,210.52548,796.2301,391.7484,1182.2269,99.02141,769.7889,is holding a
576.jpg,person,umbrella,223.6497,496.3712,153.40865,525.24146,25.412445,555.2125,80.18934,509.70172,is holding a
577.jpg,person,umbrella,742.7748,1088.1869,166.00996,1047.6146,566.73114,1404.0795,46.831696,827.1905,is holding a
579.jpg,person,handbag,124.19861,1878.9845,3.6776276,1080,113.40896,505.28897,329.33148,1076.9692,is holding a
580.jpg,person,handbag,55.170807,627.5695,160.69618,1283.3636,394.627,677.5928,515.5185,1241.2671,is carrying a
581.jpg,person,handbag,227.24138,724.53107,60.049908,1521.0737,225.12181,458.8405,610.8505,909.221,is carrying a
582.jpg,person,backpack,165.11038,793.3195,34.178543,1485.1086,29.639042,474.43326,890.82135,1368.7346,is carrying a
583.jpg,person,cell phone,1.7122666,289.17984,385.98907,1735.4622,830.565,1028.4957,307.7241,577.32196,is using a
585.jpg,person,tie,221.57355,654.5593,41.940464,1230.6858,374.3733,454.60526,250.1694,413.67978,is wearing a
586.jpg,person,handbag,108.308136,581.53595,8.991604,1244.1512,113.0842,419.61328,221.97604,764.1792,is carrying a
587.jpg,person,tie,56.690205,185.22421,24.251846,286,9.12701,25.341797,111.7187,210.58887,is wearing a
589.jpg,person,tie,163.23195,399.7867,36.053123,798.5425,268.74448,295.77274,156.0715,288.31207,is wearing a
590.jpg,person,suitcase,255.98175,1473.3789,0,2071,219.64024,624.0383,1560.624,2033.8894,is holding a
593.jpg,person,handbag,155.85564,485.16895,112.30733,997.7201,417.94604,555.6983,570.2709,855.5415,is holding a
594.jpg,person,handbag,111.71157,256.51413,14.632275,361.44986,102.51732,186.82274,142.11768,270.36078,is holding a
595.jpg,person,laptop,49.249645,735.08234,281.54288,1459.2885,59.34886,400.67923,728.37714,937.1083,is using a
596.jpg,person,handbag,507.60416,1191.3951,175.96886,2211.8728,637.6657,906.9384,570.22217,1318.1533,is carrying a
600.jpg,person,suitcase,19.807951,1280,0,1920,218.01233,557.86206,1587.817,1916.7004,is holding a
601.jpg,person,baseball bat,111.385284,546.24396,273.06314,894.15045,129.1225,425.91843,83.61548,491.36163,is swing a
602.jpg,person,baseball bat,28.08913,276.8392,33.441544,449.14496,129.1225,425.91843,83.61548,491.36163,is holding a
603.jpg,person,baseball bat,168.05574,828.4033,89.64803,1282.9745,81.1644,504.10095,115.329155,1040.6786,is holding a
606.jpg,person,baseball bat,22.5623,166.02077,15.950119,223.14156,51.723312,96.05666,11.604065,62.932945,is swing a
607.png,person,baseball bat,14.860364,261.8094,109.579605,505.2653,41.781746,60.932964,16.907074,145.65474,is swing a
608.jpg,person,baseball bat,285.74716,898.1742,124.644,1504.8337,796.8722,990.74036,240.0078,768.4694,is swing a
609.jpg,person,baseball bat,271.6407,682.2276,219.0344,1217.3505,796.8722,990.74036,240.0078,768.4694,is holding a
611.jpg,person,baseball bat,133.77763,616.48267,47.353306,851.34906,98.18057,392.8244,412.73505,567.32806,is swing a
612.jpg,person,baseball bat,246.17471,515.69714,82.18974,973.6798,143.80615,313.0857,121.68508,412.45792,is holding a
615.jpg,person,baseball bat,104.09642,991.29517,70.833336,860.3485,122.938354,827.71375,182.80318,527.9938,is holding a
616.jpg,person,baseball bat,59.761005,239.97667,42.708042,441.91483,32.23782,204.9161,51.902756,215.86304,is holding a
617.jpg,person,baseball bat,21.49843,219.62547,79.23293,422.49805,31.752525,161.6531,33.567787,135.4195,is swing a
618.jpg,person,baseball bat,187.78348,524.1392,26.152924,405.48248,201.19843,517.83795,17.467138,396.11246,is holding a
619.jpg,person,tie,85.24154,242.79771,20.673256,191.86531,125.37893,149.76518,101.67835,172.32367,is wearing a
620.jpg,person,baseball bat,353.58612,574.4049,1.2251611,244.46597,31.007338,423.86322,117.0664,273.89966,is swing a
621.jpg,person,baseball bat,141.17732,584.753,41.915802,887.09393,107.81497,374.01892,91.593056,477.9038,is holding a
622.jpg,person,baseball glove,156.91957,551.5881,15.23115,414.55185,379.4825,497.6437,211.47406,402.21368,is wearing a
624.jpg,person,baseball glove,159.99101,451.10736,36.572567,421.54294,288.38052,442.75323,259.59808,425.38452,is wearing a
626.jpg,person,baseball glove,277.88678,702.5941,76.77761,1267.8103,442.1398,625.0758,666.048,859.88007,is wearing a
627.jpg,person,baseball glove,51.953075,1887.5208,79.00956,1667,1563.2545,1940.9839,580.89026,1103.4019,is wearing a
628.jpg,person,baseball glove,499.0902,959.66614,10.064963,675,648.9106,861.76917,338.50494,564.51874,is wearing a
629.jpg,person,sports ball,603.1789,1248.8502,55.345303,983.7369,614.86273,731.93005,295.828,408.59494,is holding a
630.jpg,person,baseball glove,175.93712,670.5537,15.508522,514.2678,458.40643,657.9861,209.7269,408.46548,is wearing a
631.jpg,person,sports ball,9.665742,670.05194,1.9374822,475,262.49585,639.2194,262.34985,474.75226,is holding a
632.jpg,person,sports ball,105.14662,900.10095,23.191992,959,262.49585,639.2194,262.34985,474.75226,is holding a
633.jpg,person,sports ball,127.952995,717.8362,86.551414,1308.2466,262.49585,639.2194,262.34985,474.75226,is holding a
634.jpg,person,sports ball,116.007805,322.0325,29.952812,358.07416,262.49585,639.2194,262.34985,474.75226,is holding a
635.jpg,person,sports ball,191.37683,613.15015,73.63063,416.9579,262.49585,639.2194,262.34985,474.75226,is holding a
636.jpg,person,baseball glove,188.87517,539.9783,7.6992188,376.3169,218.54533,288.06848,268.85486,358.85663,is wearing a
637.jpg,person,baseball glove,95.19573,322.75613,29.465939,333.15384,280.90247,316.77023,100.23622,135.07846,is wearing a
638.jpg,person,baseball glove,207.94551,604.83453,63.66177,609.12946,280.90247,316.77023,100.23622,135.07846,is wearing a
639.jpg,person,baseball glove,370.47003,864.9338,45.423157,853.01953,588.8454,882.00946,602.0104,842.07635,is wearing a
640.jpg,person,baseball glove,180.3633,398.31107,500.68076,799.7275,160.73907,368.01227,65.48298,233.09389,is wearing a
641.jpg,person,baseball glove,135.13168,792.0564,102.846436,1315.713,554.108,780.81616,854.9746,1006.23804,is wearing a
642.jpg,person,baseball glove,650.9174,1801.0969,117.97885,1189.3629,1115.9846,1414.5355,667.5278,866.3788,is wearing a
643.jpg,person,baseball glove,63.19928,524.77997,15.536486,514.71423,1115.9846,1414.5355,667.5278,866.3788,is wearing a
644.jpg,person,baseball glove,209.09558,661.7123,54.85922,855.4646,469.32504,666.60815,498.36618,681.98505,is wearing a
645.png,person,sports ball,138.95499,671.4533,14.056357,699.04456,854.0125,896.0336,227.43799,267.8025,is throwing a
646.jpg,person,baseball glove,192.20683,757.1835,55.526318,663.37976,327.30893,482.84216,398.3717,552.7035,is wearing a
647.jpg,person,baseball glove,89.87952,383.34396,14.659137,328.92673,115.170105,188.69743,211.47632,316.91443,is wearing a
648.jpg,person,baseball glove,62.655663,516.4226,135.9859,1199,381.46222,603.1929,729.3117,996.6858,is wearing a
649.jpg,person,baseball glove,225.54185,683.1245,33.806953,746.74194,533.0621,670.0715,332.26944,459.80322,is wearing a
650.jpg,person,baseball glove,259.30554,978.5492,77.77463,840.902,881.073,1108.0203,499.65546,729.91016,is wearing a
651.jpg,person,baseball glove,48.29977,216.95735,0,311.58734,52.436996,133.47423,184.01404,236.88963,is wearing a
652.jpg,person,tennis racket,281.97934,718.16284,296.71103,1236.8002,296.38513,433.11588,80.58616,432.41977,is swing a
653.jpg,person,tennis racket,47.883854,853.3121,53.234024,1292.4321,31.696676,320.636,167.55354,649.05676,is holding a
654.jpg,person,tennis racket,26.692144,606.68384,188.18344,669.13904,556.24164,929.2,421.39676,613.1663,is holding a
655.jpg,person,tennis racket,271.6339,949.6472,25.198448,867,256.5791,611.3756,171.6421,540.30927,is holding a
656.jpg,person,tennis racket,4.726581,675.3819,0,804.80835,609.3213,1140.4408,0,493.49863,is holding a
657.jpg,person,tie,286.68027,779.42224,17.316359,654.7078,432.8115,553.46356,270.49008,673.61365,is wearing a
658.jpg,person,tennis racket,141.60634,810.861,127.85349,1291.7922,441.7954,958.7642,527.4337,1067.5756,is holding a
659.jpg,person,tennis racket,683.3446,1028.9044,55.292282,1161.3354,457.3616,745.1912,617.7748,924.7389,is holding a
660.jpg,person,tennis racket,432.29263,1226.243,80.35351,988.415,857.1593,1254.7654,42.20062,898.9878,is holding a
661.jpg,person,tennis racket,180.23155,579,78.8393,800,25.09105,288.51132,254.60625,443.32663,is swing a
662.jpg,person,tennis racket,280.55743,667.0191,65.21547,978.2075,171.1431,331.67163,79.64094,359.4531,is swing a
663.jpg,person,tennis racket,99.38903,555.28625,136.60522,1042.2756,386.49503,640.6514,170.95348,684.12976,is holding a
664.jpg,person,sports ball,642.9473,1148.1727,39.292965,652.29,341.50415,389.96353,490.20337,539.2017,is swing a
665.jpg,person,tennis racket,304.99164,632.6653,213.52484,660.7388,489.41562,587.9331,74.54633,292.2365,is swing a
666.jpg,person,tennis racket,550.54254,998.02454,659.54504,1499.5117,376.22647,788.4161,672.4369,946.9084,is swing a
667.jpg,person,tennis racket,94.37969,945.7178,11.826415,1056.8317,867.48016,1228.423,342.63736,618.9483,is holding a
668.jpg,person,tennis racket,200.88823,652.6712,6.532596,523.4693,315.39914,623.80084,220.29878,475.7977,is holding a
669.jpg,person,tennis racket,1814.774,2157.2842,536.29193,1549.5294,1541.4692,1941.8015,587.7506,981.4539,is swing a
670.jpg,person,tennis racket,230.61946,594.6753,157.83882,594.59106,221.12074,285.59744,75.385925,193.24442,is holding a
671.jpg,person,tennis racket,369.46805,1352.6732,19.792517,828.7658,388.97238,926.4775,131.85872,570.24725,is holding a
672.jpg,person,tennis racket,181.3283,406.24118,165.02765,612,187.25464,273.29736,31.052202,184.43936,is swing a
673.jpg,person,tennis racket,160.4881,309.54694,4.370507,285.5937,283.0912,401.21732,64.92701,194.60316,is holding a
674.jpg,person,tennis racket,50.856487,172.50113,16.963003,327.68134,31.085499,55.20826,0,98.3439,is swing a
675.jpg,person,tennis racket,147.72314,295.74033,24.440228,274.22464,136.36714,245.95341,27.434273,109.99286,is swing a
676.jpg,person,tennis racket,179.49828,613.3648,12.999232,405.1821,0,246.40987,283.01154,395.01138,is holding a
677.jpg,person,tennis racket,198.58148,501.5235,140.20494,897.68036,100.87367,303.79535,155.73686,420.82162,is holding a
678.jpg,person,tie,337.42325,1129.8119,60.292282,849.482,637.28204,732.0518,316.4573,475.9876,is wearing a
679.jpg,person,tie,305.27423,918.4852,43.481915,849.0255,587.6838,758.56744,297.00104,673.5163,is wearing a
681.jpg,person,scissors,17.576746,1297.6469,7.7049956,851.03937,37.347805,822.8248,253.50685,654.49005,is using a
682.jpg,person,scissors,0,584.5673,17.676525,402.08118,183.12483,421.84158,72.41055,192.79897,is using a
687.jpg,person,scissors,129.217,473.45294,20.898708,430.81836,137.5327,180.1414,183.05948,264.6829,is using a
688.jpg,person,scissors,12.793246,325.03412,0.3138342,425.5389,137.5327,180.1414,183.05948,264.6829,is using a
689.png,person,scissors,55.70403,555.0875,7.2300396,460.93723,137.5327,180.1414,183.05948,264.6829,is using a
690.jpg,person,scissors,341.07062,1127.3698,0.98783785,514.90546,698.97437,933.8635,310.9555,500.93277,is using a
691.jpg,person,scissors,0,188.363,0.08498535,241.64961,698.97437,933.8635,310.9555,500.93277,is using a
698.jpg,person,sink,721.5878,1585.1016,357.76688,1388.8037,531.11176,995.7698,1162.6744,1313.6641,is using a
700.jpg,person,sink,601.84705,1600,111.514336,1227.796,222.56114,902.4324,945.6308,1184.7114,is cleaning a
705.jpg,person,sink,0,503.99918,175.19147,1295.8221,247.31096,530.8838,1010.1969,1136.5348,is using a
706.jpg,person,sink,110.036896,795.371,64.62974,1289.3232,388.8427,866,996.9304,1292.4235,is using a
707.jpg,person,sink,301.51846,1084.2639,14.198578,854.5114,27.037079,561.39813,511.6234,585.667,is using a
708.jpg,person,dog,722.4633,1132.4438,17.093418,537.57196,531.15497,821.988,170.37459,516.4058,is sitting with a
709.jpg,person,teddy bear,73.23426,269.93527,1.4062754,178.2132,57.328377,179.16957,47.8855,182.67534,is holding a
710.jpeg,person,dog,104.25689,439.049,95.32707,555.1857,66.68206,182.29642,47.55905,182.25891,is holding a
711.jpg,person,dog,25.858189,244.51111,0,328.40442,202.35551,496.4364,42.081013,327.07144,is holding a
712.jpg,person,dog,471.6915,822.87305,134.21385,542.2245,303.26654,513.183,260.0285,521.1182,is sitting with a
713.jpg,person,dog,264.41638,840.54193,124.912315,667,303.26654,513.183,260.0285,521.1182,is holding a
715.jpg,person,dog,134.74266,494.04358,36.45792,495.17102,133.30064,460.7162,85.38373,491.24097,is holding a
718.jpg,person,dog,25.858189,244.51111,0,328.40442,202.35551,496.4364,42.081013,327.07144,is holding a
719.jpg,person,dog,25.858189,244.51111,0,328.40442,202.35551,496.4364,42.081013,327.07144,is holding a
720.jpg,person,dog,22.393295,383.5546,1.0416777,336.26886,309.55664,649.04004,0,331.19705,is playing with a
721.jpg,person,dog,53.028515,582.8271,29.01537,623.6265,412.38184,845.43964,281.70016,634.29724,is playing with a
722.jpg,person,dog,204.45894,600.58746,126.04003,596.0035,257.1796,1066.1249,269.84583,1038.689,is playing with a
723.jpg,person,dog,373.20917,581.04736,34.053112,419.89847,219.18604,360.31967,256.1219,427.5744,is playing with a
724.jpg,person,dog,226.43454,495.71973,123.3896,565.49786,440.85852,802.0795,216.0526,626.94714,is playing with a
725.jpg,person,dog,245.32104,689.0455,253.52577,895.1481,440.85852,802.0795,216.0526,626.94714,is playing with a
726.jpg,person,dog,50.711517,303.44757,105.563225,400.047,330.72675,583.95514,184.0251,398.82294,is playing with a
727.jpg,person,sports ball,222.97746,611.63586,6.229249,369.55484,328.2228,362.76044,106.15386,141.65985,is holding a
728.jpg,person,dog,355.53397,598.10065,2.7322762,343.46143,159.74976,410.222,88.824684,345.19742,is playing with a
729.jpg,person,dog,1820.9546,1869.9327,1002.37463,1077.3982,294.51,982.87964,65.343796,1051.2694,is holding a
732.jpg,person,cat,330.47974,1133.9006,236.66911,1262.411,139.16986,531.4943,576.1794,1259.9855,is playing with a
733.jpg,person,cat,30.006683,342.4058,47.14589,480,319.1477,425.2589,295.16846,477.9489,is playing with a
734.jpg,person,dog,71.71808,218.98445,4.1394534,155.01096,129.33443,217.79349,76.91465,157.47066,is playing with a
735.jpeg,person,cat,1.5301359,153.8275,12.944057,236.31743,247.04059,364.67398,50.16213,235.42403,is playing with a
736.jpg,person,bed,1.5301359,153.8275,12.944057,236.31743,26.122282,1541,9.71618,915.1472,is lying on a
737.jpg,person,cat,1.5301359,153.8275,12.944057,236.31743,16.082401,633.1578,0,419.21027,is holding a
738.jpg,person,dog,250.58669,737.0523,143.72125,880.9839,649.0497,1222.7139,490.18164,915.33264,is playing with a
739.jpg,person,cat,656.6584,1223.1306,492.45297,913.68445,22.960005,313.46542,230.10463,394.2547,is sitting with a
740.jpg,person,dog,1.951847,508.3702,49.430183,446.33936,273.0796,496.4115,75.759674,420.71332,is holding a
741.jpg,person,cat,1.2946491,268.1178,82.74017,544.7697,509.65085,688.54694,146.78023,537.80286,is playing with a
742.jpg,person,cat,22.573778,1117.6956,32.931957,1037.2153,27.255165,265.5085,707.6916,1036.3457,is playing with a
745.jpg,person,cat,0.1885557,408.4237,4.061255,389.4151,250.78473,600,102.22937,393.55624,is sitting next to a
748.jpg,person,laptop,475.23032,1070.5627,0,666.57324,214.14899,734.17145,389.3909,686.1171,is using a
749.jpg,person,cat,475.23032,1070.5627,0,666.57324,277.75757,726.89996,107.79457,539.8203,is holding a
750.JPG,person,bear,475.23032,1070.5627,0,666.57324,297.97415,770.6476,20.47969,447.62073,is holding a
751.jpg,person,bear,475.23032,1070.5627,0,666.57324,297.97415,770.6476,20.47969,447.62073,is holding a
752.png,person,cat,199.51259,562.6613,56.65337,457.0681,43.44693,771.5109,15.21443,450,is lying next to a
753.jpg,person,cat,0,409.85275,149.75554,957,43.44693,771.5109,15.21443,450,is holding a
754.jpg,person,cat,475.23032,1070.5627,0,666.57324,393.572,1200,110.06476,770.5044,is holding a
755.jpg,person,cat,475.23032,1070.5627,0,666.57324,219.37445,588.1145,43.442493,312.3283,is lying with a
756.jpg,person,cat,10.066696,287.84454,6.1239686,385.886,8.542273,289.36328,15.334854,399,is holding a
757.jpg,person,clock,475.23032,1070.5627,0,666.57324,856.9715,979.49786,471.47876,597.48944,is lying next to a
758.jpg,person,bed,636.37775,1053.1138,50.365047,858.6945,1002.3703,1298.2601,370.6482,836.30835,is sitting on a
759.jpg,person,bed,206.80782,932.1755,47.283928,916.0104,619.01605,1300,381.43314,945,is sitting on a
760.jpg,person,bed,455.52255,990.31,70.18297,862.97723,956.8316,1298.7338,452.01447,855.71484,is sitting on a
761.jpg,person,clock,194.62825,878.8325,44.22351,683,886.2108,921.6595,352.52234,423.59537,is sitting next to a
762.jpg,person,potted plant,184.60663,451.74396,51.870647,393,93.63325,127.791504,227.8568,270.40067,is sitting next to a
764.jpg,person,bed,475.23032,1070.5627,0,666.57324,11.939979,1214.1412,12.751865,854.71893,is lying on a
765.jpg,person,bed,475.23032,1070.5627,0,666.57324,9.003515,1022.02655,29.10371,612.5616,is lying on a
766.jpg,person,vase,475.23032,1070.5627,0,666.57324,539.96716,569.1641,195.67018,239.34174,is lying next to a
767.jpg,person,bed,475.23032,1070.5627,0,666.57324,0,1294.5973,424.515,847.68005,is lying on a
768.jpg,person,bed,475.23032,1070.5627,0,666.57324,34.29383,1250.5397,373.67026,601.1105,is lying on a
769.jpg,person,bed,475.23032,1070.5627,0,666.57324,21.501236,1554.7711,36.533974,1009.2389,is lying on a
770.jpg,person,bed,114.64007,433.46448,420.1916,697.2182,14.696436,1300,339.49045,844.23004,is lying on a
771.jpg,person,bed,475.23032,1070.5627,0,666.57324,7.247548,1289.7372,99.29472,843.81165,is lying on a
772.jpg,person,bed,475.23032,1070.5627,0,666.57324,30.607605,1583.388,118.847786,1054.1118,is lying on a
773.jpg,person,bed,475.23032,1070.5627,0,666.57324,8.735685,1097.4987,148.99141,734,is lying on a
774.jpg,person,potted plant,178.96112,339.00726,10.59091,264.206,57.494923,123.51588,42.53046,270.6694,is lying next to a
775.jpg,person,potted plant,194.66238,296.53696,76.83846,219.76213,205.2968,364.72284,4.135942,154.8403,is lying next to a
776.jpg,person,potted plant,297.0122,390.4319,79.71629,182.18022,77.42275,214.75829,0,187.82556,is lying next to a
777.png,person,bed,93.76001,184.76184,44.65927,141.49158,5.236961,355.56308,35.203255,263.0276,is lying on a
778.jpg,person,bed,291.4073,360.39972,147.8695,264.7763,32.581444,579.5668,62.731323,446.52707,is lying on a
779.jpg,person,bed,291.4073,360.39972,147.8695,264.7763,2.4457397,623.5825,214.35478,583.1348,is lying on a
782.jpg,person,vase,32.822117,580.49445,34.308346,392.7159,540.0708,581.24054,0.2843415,83.2162,is lying next to a
783.png,person,bed,445.2094,663.5204,92.7706,492.0794,2.4415503,1074.1095,146.92238,733.89825,is sitting on a
784.jpg,person,bed,408.78842,584.16077,115.393845,533.0679,1.838665,616.1835,195.85506,554.0771,is sitting on a
786.jpg,person,broccoli,99.092064,1080.6984,238.69415,1056.3884,653.49115,867.09894,564.28815,688.7306,is eating a
788.jpg,person,fork,8.989362,233,4.850812,349.06894,33.063457,84.41885,182.4562,259.09924,is using a
790.jpg,person,broccoli,3.6760986,355.37796,0,249.0873,64.29647,184.8244,155.88263,218.27223,is eating a
791.jpg,person,cake,1.5721416,261.83435,0,334.82108,304.4715,472.75833,150.20885,295.39603,is eating a
792.jpg,person,cake,208.7539,639.50616,68.85646,415.4724,284.18192,363.50302,258.049,369.73743,is eating a
794.jpg,person,cake,189.11475,1116.7059,113.2652,864.8629,274.17465,1054.7339,540.5276,901.2389,is eating a
795.jpg,person,cake,75.644066,652.85706,0.3843784,628.05414,523.9501,986.6488,372.57925,621.08795,is eating a
800.jpg,person,bowl,0,274.21753,14.135969,348.86768,257.81958,334.1597,190.33627,235.14166,is holding a
801.jpg,person,bowl,224.9427,626.23505,8.283529,436.02814,257.81958,334.1597,190.33627,235.14166,is holding a
802.jpg,person,toothbrush,11.179319,507.93854,0,417,176.02333,313.2107,223.33374,286.92673,is using a
803.jpg,person,toothbrush,71.40543,720,21.097036,481,386.857,527.9286,233.49739,261.28986,is using a
804.jpg,person,toothbrush,192.6424,757.9869,0,533,336.69327,508.5179,245.2658,305.60074,is using a
805.jpg,person,toothbrush,134.15607,593.28204,13.303204,393.97617,206.42946,372.93896,204.49391,231.66995,is using a
806.jpg,person,toothbrush,6.7849255,1233.2074,14.595353,862.461,341.52628,722.1734,549.81647,610.7403,is using a
807.jpg,person,toothbrush,47.82242,1600,0,1213.033,645.6903,1162.1587,757.08563,853.2084,is using a
808.jpg,person,toothbrush,18.13804,727.1133,4.7862906,582.91925,288.72577,587.77936,332.19495,380.43756,is using a
809.jpg,person,toothbrush,247.12384,1266.923,87.51275,867,525.813,766.7077,509.1195,579.2396,is using a
810.jpg,person,toothbrush,330.46527,1291.5288,74.12553,866,422.22568,860.1652,486.88684,707.59174,is using a
813.jpg,person,tie,224.65176,538.71344,23.32124,1101.583,511.10657,589.61285,242.79942,475.05014,is wearing a
815.jpg,person,chair,117.55654,253.20221,19.539526,256.8587,65.33775,224.41743,95.40068,249.65843,is sitting on a
816.png,person,chair,25.897247,237.87604,9.920074,294.60928,65.33775,224.41743,95.40068,249.65843,is sitting on a
817.jpg,person,potted plant,93.42334,507.1623,147.89488,754.42786,299.68018,471.6527,254.76741,479.4746,is sitting next to a
820.jpg,person,laptop,23.062576,255.71547,59.120575,401.06436,145.8551,247.22235,156.613,206.5811,is using a
822.jpg,person,fork,74.95121,698.8551,24.864342,525.87115,565.1035,602.11035,150.3842,286.15997,is holding a
829.jpg,person,fork,185.791,1198.7023,11.689733,874.93,361.87534,448.27374,70.808,419.02884,is holding a
830.jpg,person,fork,102.04341,796.9701,15.331225,683,361.87534,448.27374,70.808,419.02884,is holding a
832.jpg,person,teddy bear,528.5792,1290.9208,1.9730164,842.7072,635.7316,1230.445,284.04227,843.5748,is holding a
833.jpg,person,teddy bear,583.8327,1409.8158,370.40326,943.2761,195.07956,832.8724,231.97472,933.3656,is playing with a
834.jpg,person,teddy bear,686.69904,1224.7472,53.72321,754.297,205.53883,720.48584,322.8159,852.06134,is playing with a
835.jpg,person,teddy bear,686.69904,1224.7472,53.72321,754.297,205.53883,720.48584,322.8159,852.06134,is holding a
836.jpg,person,teddy bear,109.600716,858.8053,403.3115,1347.1084,116.04874,511.20377,710.6129,1216.3959,is holding a
837.jpg,person,teddy bear,166.5059,751.65314,84.85758,796.8763,484.2267,751.59863,510.0328,803.9809,is holding a
838.jpg,person,teddy bear,0,1357.1122,26.384766,2021.5458,523.5433,1365,775.73895,2026.4131,is holding a
839.jpg,person,teddy bear,42.25873,310,9.605191,435,78.39393,264.4972,209.39972,432.93646,is holding a
840.jpg,person,teddy bear,255.12305,951.991,93.068825,729.86,776.3406,1129.4579,419.20438,726.9247,is pointing a
841.jpg,person,teddy bear,168.4734,644.20703,177.41798,998.02625,580.20374,1028.5317,180.26305,979.68024,is sitting next to a
860.jpg,person,truck,455.4363,678.5126,98.80558,821.7013,78.300385,1297.6451,52.040993,818.01025,is standing with a
861.jpg,person,truck,138.05322,296.49088,28.950092,226.20241,78.300385,1297.6451,52.040993,818.01025,is standing with a
862.jpg,person,car,279.13818,473.76093,83.51432,378.19995,2.6743453,102.432076,101.778915,149.4848,is getting into a
863.jpg,person,car,419.82355,777.5227,258.19913,615.379,0.33096805,37.08712,108.87405,163.26749,is getting into a
864.jpg,person,car,119.66893,234.68811,15.394227,225.64075,0.33096805,37.08712,108.87405,163.26749,is getting into a
865.jpg,person,car,160.62013,576.42035,79.66481,750.332,1.0897869,220.90439,262.27222,654.7798,is getting into a
866.jpg,person,car,183.7735,473.36807,30.8654,671.2416,58.88199,219.06941,377.11435,501.47125,is getting into a
867.jpg,person,umbrella,11.922303,42.956886,216.23257,286.07047,130.76193,440.85608,1.3961762,200.87383,is holding a
868.jpg,person,truck,695.0338,887.50806,105.77844,525.3503,34.38358,698.9504,89.6664,512.747,is getting into
869.jpg,person,car,81.73945,242.04941,21.855145,535.33057,186.10138,632.41364,156.18608,549.96594,is getting into
870.jpg,person,car,437.41843,611.4237,98.481865,480,53.528492,852,182.64586,477.3304,is getting into
871.jpg,person,car,124.78032,281.12317,51.4745,543.11194,53.528492,852,182.64586,477.3304,is getting into
875.jpg,person,car,2872.3489,3619.0623,401.4956,2132.4375,9.155691,2756.015,581.77356,2553.4175,is standing with a
876.jpg,person,car,411.3953,523.35645,84.02068,341.8268,540.668,595.42914,107.63102,130.91791,is standing with a
877.jpg,person,truck,120.95361,445.64142,43.96218,690.7047,47.38856,1180,0,743.4726,is standing with a
881.jpg,person,wine glass,31.509657,866,59.185696,1300,271.5621,446.8492,556.62634,989.4594,is holding a
882.jpg,person,wine glass,138.04,1080.8805,50.513645,1291.8765,161.87192,355.19125,187.83803,696.3613,is holding a
884.jpg,person,wine glass,325.11722,1292.2306,159.11746,852.0829,295.55792,467.8209,143.47383,417.2107,is holding a
885.jpg,person,wine glass,378.85852,1082.9182,30.092468,853.4215,894.77496,1086.1517,286.67172,664.9156,is holding a
887.jpg,person,wine glass,89.65933,481.8242,10.327927,427,79.75638,149.00461,55.91925,224.29584,is holding a
888.jpg,person,wine glass,130.41864,484.89047,137.19977,554.4323,42.932697,158.48726,432.93625,684.7163,is holding a
889.jpg,person,potted plant,36.747818,723.814,185.4925,1183.6497,630.4864,869.5104,954.7807,1256.4178,is watering a
890.jpg,person,potted plant,161.52878,833.8896,12.711616,1230.8716,84.52777,230.45958,701.56055,879.44147,is watering a
891.jpg,person,potted plant,93.49019,442.76114,90.21348,913.2083,560.6239,940.4452,75.83745,920.7975,is watering a
893.jpg,person,potted plant,27.02557,499.19592,40.616608,799.28064,372.7521,532.7136,499.3007,763.03174,is watering a
894.jpg,person,potted plant,781.0412,1013.0574,251.38014,451.76752,360.82666,515.72504,119.3446,380.2007,is watering a
901.jpg,person,stop sign,114.80179,289.07486,41.972515,265.29388,79.03259,160.61374,22.860075,104.4218,is holding a
902.jpg,person,stop sign,60.386387,352.13693,0.43291953,255.3398,34.207626,138.84232,11.727283,115.87992,is holding a
903.jpg,person,tie,377.87402,1253.9379,43.415886,866,651.7283,763.47144,335.42557,792.03253,is wearing a
904.jpg,person,stop sign,450.15262,1249.8896,89.813126,986.4002,936.38934,1481.1157,195.4484,739.23566,is holding a
905.jpg,person,stop sign,450.14218,1148.9768,197.8557,848.7524,172.0717,663.8885,85.19523,596.81647,is holding a
906.jpg,person,stop sign,25.292173,108.80572,22.95053,242.96164,92.235634,165.28448,8.473579,83.66239,is holding a
907.jpg,person,stop sign,15.268904,242.18887,69.007965,298.38742,220.06989,435.75607,17.373566,240.00414,is holding a
908.jpg,person,stop sign,306.55276,760.12634,206.4891,1234.1375,186.87204,459.97745,207.09875,484.34912,is holding a
909.jpg,person,keyboard,6.4994955,507.2265,21.318535,678.7718,503.22995,1100,352.53503,617.95624,is using a
911.jpg,person,keyboard,6.5981812,358.5604,206.42969,460.27026,461.8129,844.45575,228.52942,475.97754,is using a
912.jpg,person,mouse,0.012402535,218.74779,97.95235,184.76521,110.31157,382.22272,261.4791,506.8083,is using a
913.jpg,person,mouse,0.012402535,218.74779,97.95235,184.76521,110.31157,382.22272,261.4791,506.8083,is using a
914.jpg,person,mouse,16.737213,475.18954,41.133442,268.03513,110.31157,382.22272,261.4791,506.8083,is using a
915.jpg,person,toilet,4.6413794,752.43665,0,1406.6631,426.26086,1142.1425,413.30606,1385.1284,is sitting on a
916.jpg,person,toilet,192.60504,586.33887,73.6992,848.5786,103.087524,363.35373,324.97708,803.35187,is sitting on a
917.jpg,person,toilet,543.60236,980.0613,53.571175,829.9809,429.23795,715.4126,345.25302,796.4216,is sitting on a
920.jpg,person,toilet,37.508595,615.8845,22.645945,1285.1696,376.1883,867,400.67987,1276.8832,is cleaning a
921.jpg,person,toilet,40.944237,683,8.45287,1011.25116,1.8345684,207.79524,109.57845,627.64435,is cleaning a
922.jpg,person,toilet,564.48987,1113.4083,65.52191,868.5676,110.372665,739.02747,315.42685,844.7204,is cleaning a
923.jpg,person,tie,125.91751,817.1017,23.305914,856.6652,398.35336,499.65744,306.9166,537.54584,is wearing a
924.jpg,person,toilet,33.88759,823.0728,7.433996,903.20557,610.4412,1237.9873,339.05032,904.2006,is cleaning a
926.jpg,person,toilet,47.87551,656.6444,253.98851,1271.5865,514.3166,862.5994,310.10226,1252.0363,is cleaning a
928.jpg,person,toilet,221.215,852.81683,127.58014,1243.3102,34.475143,410.93384,382.44373,1135.6384,is cleaning a
930.jpg,person,banana,24.5489,767.58185,69.085686,1300,433.99945,703.25745,325.96423,656.7767,is holding a
936.jpg,person,banana,92.687706,727.97034,79.66773,1300,595.9392,745.7631,643.71704,1032.3192,is holding a
937.jpg,person,banana,0,580.7395,108.77471,1290.6357,595.9392,745.7631,643.71704,1032.3192,is holding a
938.jpg,person,banana,94.839066,751.348,89.41953,998.297,595.9392,745.7631,643.71704,1032.3192,is holding a
939.jpg,person,banana,198.37988,858.5186,57.285793,804.8024,595.9392,745.7631,643.71704,1032.3192,is holding a
940.jpg,person,banana,59.479725,238.96355,18.913698,191.86513,595.9392,745.7631,643.71704,1032.3192,is holding a
941.jpg,person,bottle,422.07993,834.50977,47.08252,669.8233,824.9547,943.3885,117.73,550.89355,is standing with a
943.jpg,person,couch,619.6397,999.36804,46.403217,778.38873,66.228615,1300,311.10834,771.0859,is sitting on a
946.jpg,person,couch,76.39167,267.484,26.443953,320.0319,8.6790085,465.4774,95.34713,322.67737,is sitting on a
947.jpg,person,potted plant,224.87761,407.23642,108.57335,422.5597,501.68665,592.5215,175.81334,416.28757,is sitting next to a
948.png,person,bed,81.27795,932.51086,174.50066,407.60617,48.17634,934.0479,184.76387,547.32,is lying on a
949.png,person,book,82.73368,926.97565,98.05261,422.7945,586.7259,685.4952,270.61993,329.00024,is holding a
950.jpg,person,bed,545.5519,886.7471,151.87456,562.54846,42.39221,942.7525,225.49069,555.436,is lying on a
951.jpg,person,couch,72.66643,539.6925,65.86263,249.43976,58.231895,546.7615,110.48417,307.18668,is sitting on a
952.jpg,person,couch,781.0412,1013.0574,251.38014,451.76752,4.837131,1137.3982,153.4726,566.5271,is sitting on a
954.jpg,person,bed,143.5096,1208.7893,232.52094,507.5573,53.446957,1289.9683,427.78326,866,is lying on a
955.jpg,person,potted plant,781.0412,1013.0574,251.38014,451.76752,537.1261,647.34546,219.99548,390.83463,is lying next to a
956.jpg,person,laptop,202.86217,497.20557,158.89864,342.53876,519.74896,590.139,149.57114,269.03772,is holding a
958.jpg,person,couch,107.76185,308.93665,159.26929,306.08548,96.34896,634.0645,151.04553,423.42715,is sitting on a
959.jpg,person,potted plant,781.0412,1013.0574,251.38014,451.76752,970.75616,1076.5457,179.2148,307.13107,is lying next to a
960.jpg,person,bed,223.96623,453.98636,91.70874,276.9712,21.441116,1498.8448,458.6285,1029.3134,is lying on a
967.jpg,person,potted plant,226.00214,371.24823,68.64289,341.68063,0.6941809,108.80439,24.899853,308.60352,is sitting next to a
968.jpg,person,bowl,7.8198147,636.1945,364.99658,663.3552,98.477295,490.62933,108.71078,341.98666,is using a
978.jpg,person,dining table,73.64569,401.8711,8.73995,262.8856,1.0452878,97.10294,163.43564,258.51694, is standing in front of
979.jpg,person,dining table,10.696809,257.153,22.434227,259.45688,1.0452878,97.10294,163.43564,258.51694,is using a
983.jpg,person,remote,241.91573,931.0708,25.49292,1003.45526,77.011795,123.37682,62.036858,217.41762,is holding a
984.jpg,person,remote,3.1008086,324.991,178.43791,459,243.21405,320.94464,103.22726,320.83197,is holding a
986.jpg,person,remote,3.1008086,324.991,178.43791,459,265.51755,540.9074,172.24245,413.4064,is holding a
987.jpg,person,remote,26.760317,1152.8978,39.794445,351.7019,153.58989,481.31903,61.116264,325.45657,is holding a
989.jpg,person,remote,13.78601,295.10834,2.1026466,191.21715,160.50691,184.49504,159.59293,188.94116,is holding a
990.jpg,person,horse,242.40219,360.3112,26.964561,337.77234,45.369705,545.5548,153.56223,488.40372,is sitting on a
991.jpg,person,horse,254.99673,343.91718,53.561638,221.45781,197.83539,459.37735,85.278595,336.09454,is sitting on a
992.jpg,person,horse,130.00331,162.03264,18.404373,75.87708,92.030075,199.12755,19.573463,122.35213,is sitting on a
993.jpg,person,horse,272.50674,383.1116,25.980614,247.93698,154.24129,455.76855,110.6042,406.90454,is sitting on a
994.jpg,person,horse,133.86684,633.24756,131.99849,400.15884,76.585884,532.8524,56.010128,398.28824,is sitting on a
995.jpg,person,clock,78.25454,311.6013,5.0433936,267.52866,52.799618,186.56331,114.90772,253.3261,is holding a
996.jpg,person,clock,284.05035,666.5218,29.640703,471.35193,241.94955,417.0511,45.122955,227.75337,is holding a
997.jpg,person,clock,18.17615,1389.7518,63.834717,1154.3334,149.90627,542.18634,223.71542,608.9559,is holding a
999.jpg,person,clock,188.24818,521.45435,29.924194,404.90674,207.01727,292.64743,136.95251,220.64243,is holding a
apple10.jpg,person,apple,70.53762,836.6952,10.397656,700,486.1534,708.9963,434.36563,616.71484,is eating an
apple11.jpg,person,apple,75.25434,312.4448,23.757824,338,486.1534,708.9963,434.36563,616.71484,is eating an
apple12.jpg,person,apple,226.33484,811.824,213.5555,1243.5414,357.9079,511.40564,637.9169,772.91486,is eating an
apple15.jpg,person,tie,9.956559,600,25.064749,900,316.35895,463.06372,492.1698,900,is wearing a
apple2.jpg,person,apple,437.20908,709.5662,59.47188,469.65634,34.247833,187.43901,224.369,370.2849,is holding an
apple4.jpg,person,apple,24.933304,551.0701,9.439163,824.4853,49.92038,167.66629,236.60152,343.5788,is holding an
apple5.jpg,person,apple,0,610.80225,8.692926,811.90814,1068.1539,1197.3708,401.5792,514.1668,is eating an
apple6.jpg,person,apple,115.89913,741.75323,25.511759,613.713,476.4033,651.51587,351.6618,522.5667,is eating an
apple8.jpg,person,apple,458.9346,1999.9058,59.13601,1333,476.4033,651.51587,351.6618,522.5667,is eating an
banana8.jpg,person,banana,1.7727385,664.63403,92.84731,810,346.65186,591.4093,386.11346,604.2477,is eating an
banana9.jpg,person,banana,156.14421,456.14648,97.40195,412.76144,233.16837,342.26398,233.66989,370.71414,is eating an
bed2.jpg,person,bed,229.1775,344.41345,229.89145,373.3159,0,546.887,312.02115,824.8928,is lying on a
bed3.jpg,person,bed,229.1775,344.41345,229.89145,373.3159,0,547.8226,277.25082,831.8799,is lying on a
bed4.jpg,person,book,237.59793,335.41132,206.4122,314.71255,198.45753,253.51907,314.7731,334.5712,is holding a
bench1.jpg,person,book,162.89494,328.00598,68.523796,298.01413,228.29063,281.29895,134.73885,161.58418,is holding a
bench10.png,person,bench,525.0159,676.5092,222.34535,513.3007,270.1426,789.60156,329.4844,528.76953,is sitting on a
bench11.jpg,person,bench,853.57404,1300.9412,211.86855,1053.0286,167.31491,1786.9061,597.4497,1132.8373,is sitting on a
bench12.jpg,person,bench,433.08408,802.36584,145.32108,644.2743,41.965515,1207.7151,377.83484,815.2919,is sitting on a
bench13.jpg,person,cell phone,11.014145,441.36542,126.66922,810.2447,220.01498,333.84137,593.02686,693.3585,is holding a
bench14.jpg,person,bench,1304.9872,1946.4387,949.92053,2419.2017,1049.5336,3986.049,1529.6967,2519.7283,is sitting on a
bench15.jpg,person,handbag,322.5751,536.5803,262.79288,712.7798,550.8243,661.9363,478.75327,557.27905,is sitting next to a
bench16.jpg,person,bench,389.81796,871.98456,240.73672,437.25967,14.508971,930.0189,382.28748,535.4433,is sitting on a
bench17.jpg,person,bench,464.00757,556.85126,258.71066,421.06985,0,272.57086,341.79727,451.89435,is sitting on a
bench2.jpg,person,bench,432.179,653.70264,332.49603,571.791,410.22702,807.098,463.59082,581.96204,is sitting on a
bench3.jpg,person,tie,720.984,1028.6047,145.14005,759.32135,813.3237,844.7359,257.1224,376.46402,is wearing a
bench5.jpg,person,bench,160.04915,240.57693,97.91056,298.04742,7.587879,166.65738,211.22092,281.4912,is sitting on a
bench6.jpg,person,bench,88.272705,121.86699,186.6214,262.10794,46.119293,202.99124,207.52946,264.62088,is sitting on a
bench7.jpg,person,handbag,623.5275,936.4137,151.00903,614.6756,221.24945,323.1408,358.8979,438.25436,is sitting next to a
bench8.jpg,person,bench,782.3921,960.0024,166.80745,458.84842,292.57425,951.18835,331.70056,654.0352,is sitting on a
bench9.jpg,person,bench,215.5142,323.79276,579.4981,883.8757,281.36307,1117.5988,968.024,1168.6803,is sitting on a
bicycle1.jpg,person,bicycle,744.67126,997.5652,99.27025,585.30963,592.27747,1131.108,295.07242,748.6116,is riding a
bicycle10.jpg,person,bicycle,32.87913,93.799736,62.072968,223.54135,16.004923,220,120.05897,325.61365,is riding a
bicycle11.jpg,person,bicycle,299.83325,425.23276,157.97072,354.41943,246.63101,488.56735,244.4547,395.37128,is riding a
bicycle12.jpg,person,bicycle,128.15166,418.11108,0,446.67526,54.291023,511.46933,198.15584,518,is riding a
bicycle13.jpg,person,bicycle,188.25467,276.78955,28.743258,220.71141,194.09227,269.27386,109.87208,238.61263,is riding a
bicycle14.jpg,person,bicycle,57.149414,145.99017,35.607937,284.98828,135.17192,386.04135,136.28914,290.0962,is riding a
bicycle15.jpg,person,bicycle,157.91359,200.42033,72.22128,186.1414,261.8357,294.33328,149.33597,221.5433,is riding a
bicycle18.jpg,person,bicycle,164.85168,232.62483,30.673018,256.99857,171.58241,266.5626,0,56.013935,is riding a
bicycle2.jpg,person,bicycle,441.77573,650.97253,190.25464,644.32715,389.08054,700,357.45477,683.8739,is riding a
bicycle20.jpg,person,bicycle,338.2463,460.70706,68.499756,309.46243,358.14932,429.63593,205.22551,355.55853,is riding a
bicycle21.jpg,person,bicycle,47.416676,208.09103,52.953762,375.0106,24.504206,282.2979,210.9412,387.79083,is riding a
bicycle22.jpg,person,bicycle,391.48288,563.7722,103.0601,417.9673,264.54538,677.15497,219.1952,469.32077,is riding a
bicycle4.jpg,person,bicycle,153.85907,382.9787,18.68253,308.33713,26.030308,419.0366,126.06482,399.92166,is riding a
bicycle5.jpg,person,bicycle,1534.36,2717.2295,507.1286,2353.56,1582.5936,2607.163,1355.9963,2396.524,is riding a
bicycle6.jpg,person,bicycle,381.3532,1016.88617,0,837.08,178.90434,1376.2855,328.00827,1023.8464,is riding a
bicycle7.jpg,person,bicycle,512.8553,739.8618,10.249793,502.71216,531.018,721.2294,208.21942,585.5917,is riding a
bicycle8.jpg,person,motorcycle,191.02792,395.1851,17.748264,285.92114,191.2723,392.9551,89.7868,318.73135,is riding a
bicycle9.jpg,person,bicycle,507.51236,1154.751,76.12713,757.27924,570.1276,1370.5294,361.90036,1038.137,is riding a
boat1.jpg,person,boat,1008.01416,1112.9911,435.12683,665.49756,193.33463,1468.843,302.88586,921.1629,is standing on a
boat10.jpg,person,boat,1008.01416,1112.9911,435.12683,665.49756,67.87859,1046.8303,163.97849,492.27817,is standing on a
boat11.jpg,person,boat,90.15788,200.98729,178.98294,420.49634,32.085457,1197.1196,320.90836,664.38055,is standing on a
boat12.jpg,person,boat,344.9838,374.7688,271.36676,309.64392,7.745476,690.435,243.0156,441.54724,is standing on a
boat13.jpg,person,boat,154.91016,190.6602,325.89966,367.09998,64.27721,1588.1129,399.05258,854.2759,is standing on a
boat14.JPG,person,boat,521.76263,590.78973,163.39163,234.73735,145.83315,689.31055,186.32257,424.7146,is standing on a
boat15.png,person,boat,245.66255,260.4784,143.30779,160.53479,54.8871,453.93497,115.480515,264.3501,is standing on a
boat16.png,person,surfboard,989.9981,1257.6461,733.6829,1228.8933,861.66693,1030.152,1147.4668,1243.8054,is standing on a
boat17.jpg,person,boat,422.59976,455.253,157.38234,220.81522,182.30637,536.42584,113.91708,277.64853,is standing on a
boat18.jpg,person,boat,459.53235,495.8208,75.33432,162.05261,111.18592,521.08777,98.88717,232.85248,is standing on a
boat19.jpg,person,boat,115.09261,183.85345,19.10163,206.85974,18.65612,705.2641,76.05159,293.30722,is standing on a
boat2.jpg,person,boat,162.55151,183.22432,158.4343,187.00113,116.85555,407.61697,160.36375,234.74995,is standing on a
boat20.jpg,person,boat,274.17764,299.29605,53.38799,119.570595,56.55824,322.03506,83.91508,167.01923,is standing on a
boat21.jpg,person,boat,256.6605,347.61212,101.3453,278.41196,4.3672886,549.1554,146.7621,437.78366,is standing on a
boat22.jpg,person,boat,379.98337,428.04218,151.37134,233.5093,108.16372,455.38516,32.55166,227.31964,is standing on a
boat23.jpg,person,boat,1305.0436,1503.2507,601.5711,822.31213,473.9121,2211.3909,508.14014,1230.4597,is standing on a
boat3.jpg,person,boat,196.79065,222.69243,62.290245,104.86936,65.075966,249.68558,64.163086,216.19818,is standing on a
boat4.jpg,person,boat,913.03894,1026.8838,104.64537,243.52254,102.46692,1888.2213,85.49348,826.72546,is standing on a
boat5.jpg,person,boat,361.67264,445.5391,247.4382,352.69046,187.23488,861.75775,155.02614,542.05444,is standing on a
boat6.jpg,person,boat,321.80997,454.33444,223.01294,357.1263,104.92114,810.08026,315.71686,464.8013,is standing on a
boat7.jpg,person,boat,242.74487,342.537,172.0036,245.1079,80.704384,655.74274,171.0493,319.07483,is standing on a
boat8.jpg,person,boat,940.57587,971.92444,142.44485,221.86308,102.78479,1044.0803,83.74893,442.02884,is standing on a
boat9.jpg,person,boat,637.0587,698.38666,354.83994,446.1608,345.6244,1400.1754,392.74716,785,is standing on a
book1.jpg,person,book,18.574427,465.31723,160.519,597.50116,0.616724,290.05957,469.55188,568.4966,is reading a
book10.jpg,person,laptop,13.878872,376.44827,201.36644,677.1083,98.71032,367.08658,421.74652,579.25073,is holding a
book12.jpg,person,laptop,442.96704,1278.8665,103.56418,1211.6589,98.71032,367.08658,421.74652,579.25073,is holding a
book3.jpg,person,book,188.34706,484.74023,21.276104,366.42438,207.8935,576.9537,322.35352,443.32388,is reading a
book4.jpg,person,book,268.83765,663.9982,68.66197,394.97757,490.67502,619.7743,211.28467,288.29547,is reading a
book5.jpg,person,chair,176.8156,577.7147,52.12025,483.83087,125.57109,300.5277,233.04262,488.08243,is sitting on a
book6.jpg,person,teddy bear,1.5620823,467,140.66672,660.8852,239.98276,461.1196,285.88434,492.53815,is sitting next to a
book7.jpg,person,teddy bear,282.8067,515.56635,83.83254,359.77307,126.0136,276.58807,213.2608,379.3887,is sitting next to a
book8.jpg,person,book,436.32657,698.867,66.13107,397.999,425.77713,686.6943,335.66568,454.25693,is reading a
bottle2.jpg,person,bottle,2.3118453,380.48856,0,492,213.5615,346.0197,6.818811,253.04137,is holding a
bottle3.jpg,person,bench,133.40732,479.40387,11.156724,468.6819,5.5952635,58.387604,244.86018,276.5919,is sitting on a
bottle6.jpg,person,bottle,316.24768,640,15.675308,480,308.37796,363.0262,265.30148,447.71237,is holding a
bottle7.jpg,person,bottle,316.24768,640,15.675308,480,308.37796,363.0262,265.30148,447.71237,is holding a
bottle8.jpg,person,bottle,90.59212,1318.3063,59.964577,1069.3191,1162.9116,1285.1793,183.25464,524.54285,is holding a
bottle9.jpg,person,bottle,95.00102,842.50995,26.408447,671.876,746.1545,879.501,285.72076,592.56036,is holding a
bowl14.jpg,person,bowl,65.20529,619.5883,41.557083,1023,306.06027,554.1802,414.30634,611.97943,is holding a
bowl2.jpg,person,bowl,89.79076,431.0754,116.60687,628.7237,58.10967,194.9608,623.41345,716.8329,is using a
bowl3.jpg,person,bowl,359.83273,626.2238,63.17337,438.1825,198.25104,384.16946,307.56213,426.30368,is using a
bowl4.jpg,person,bowl,20.759182,523.507,33.196377,740.76605,259.6429,533.4479,604.56085,783.2106,is using a
bowl6.jpg,person,bowl,99.70811,763.0279,23.184013,839.4393,296.42892,524.40955,654.0187,773.3153,is holding a
bowl7.jpg,person,bowl,38.91579,778.54535,7.7558565,1282.0537,389.9238,615.9849,811.92865,1049.5922,is holding a
broccoli1.jpg,person,fork,108.48027,567.2851,0,383.2128,488.9094,526.639,225.65611,346.38394,is holding a
broccoli3.jpg,person,broccoli,110.907936,439.9378,20.972658,492.1895,239.49193,392.47552,294.4009,450.65924,is eating a
broccoli6.jpg,person,bowl,24.107117,490.61185,3.851204,790.8345,56.78288,454.86502,574.1164,799.8959,is using a
broccoli7.jpg,person,broccoli,49.20413,568.7743,23.332497,603.6482,157.10773,505.91287,594.6165,750.0967,is eating a
broccoli8.jpg,person,broccoli,32.67814,458.74878,105.29328,611.6344,97.21555,263.09348,309.905,469.76193,is eating a
bus.jpg,person,bus,53.80209,227.79509,396.44592,883.9511,9.40997,798.1418,209.87885,740.62366,is getting into a
bus10.jpg,person,car,165.26921,320.58575,187.63005,475.46655,601.0603,640,210.90514,273.17886,is getting into a
bus11.jpg,person,handbag,113.73351,170.59201,70.954185,160.12183,9.317026,30.112713,109.334785,134.26918,is wearing a
bus12.jpg,person,bus,349.98346,434.13986,299.11456,589.681,473.20483,1005.043,57.495274,580.8882,is getting into a
bus14.jpg,person,backpack,1400.2094,1600,436.30432,991.12244,914.12177,1016.0291,459.38168,640.5278,is wearing a
bus15.jpg,person,bus,755.9932,1049.8568,499.75848,1130.5265,0,308.93073,302.85406,817.58655,is getting into a
bus16.jpg,person,bus,278.76376,542.0213,416.6378,1155.8175,59.058693,2004.18,0,1316.8451,is getting into a
bus17.jpg,person,backpack,310.3888,398.26804,298.15567,634.1986,191.03412,309.65488,374.51984,537.0707,is wearing a
bus18.jpg,person,bus,130.98808,308.68094,67.0959,381.44116,68.7653,155.44952,102.92425,205.30434,is getting out of a
bus2.jpg,person,handbag,675.9423,974.5878,322.17432,1075.1896,620.10046,776.9449,597.3988,1030.6915,is wearing a
bus21.jpg,person,bus,517.5076,611.37787,349.57996,612.9536,159.32751,1097.6622,140.60735,604.2255,is getting out of a
bus22.jpg,person,suitcase,190.527,285.8404,35.894413,308.6577,164.5439,209.02959,164.15852,266.15347,is holding a
bus23.jpg,person,bus,293.21033,601.24896,321.00345,864.22327,622.8901,824.05115,343.67725,550.71216,is waiting for a
bus24.jpg,person,bus,15.607662,164.9415,15.223007,264.43127,172.68604,397.85385,5.5139256,228.452,is waiting for a
bus25.jpg,person,car,110.46577,377.71353,157.48566,667,343.37778,407.42938,320.06705,354.85977,is waiting for a
bus26.jpg,person,bus,232.30466,392.03445,140.38158,432.82965,373.9305,515.2462,174.43237,276.22534,is waiting for a
bus27.jpg,person,bus,315.0631,407.07935,253.5732,549.50525,535.69415,1048.7416,29.990698,582.92554,is waiting for a
bus28.jpg,person,car,33.66799,330.1159,168.94391,858.6118,549.1912,670.398,561.7913,657.1946,is waiting for a
bus3.jpg,person,bus,285.52145,377.46072,90.62545,399.7958,0.37133047,386.226,0,406.44128,is waiting for a
bus4.jpg,person,bus,433.3026,497.70828,84.29016,257.19214,40.706615,222.85014,1.7466215,210.8787,is waiting for a
bus5.jpg,person,bus,8.839331,90.10413,226.91562,429.55066,119.218445,438.99402,140.75157,368.0599,is waiting for a
bus8.jpg,person,bus,50.589367,82.55131,127.22798,216.34421,234.27237,494.55817,56.07444,227.65134,is waiting for a
bus9.jpg,person,bus,1116.0398,1415.1235,580.83154,1444.9902,1078.4567,2578.9065,113.61874,1421.524,is waiting for a
cake1.jpg,person,cake,7.09626,485.55484,1.1082458,699.7119,254.61919,385.63242,522.9363,653.2586,is holding a
cake12.jpg,person,cake,748.7014,1257.878,339.38904,886.42865,855.64825,981.0157,836.30255,985.34125,is watching a
cake13.jpg,person,cup,592.31696,853.78,107.851845,565.7972,883.2515,1147.9843,558.23364,861.5392,is watching a
cake14.jpg,person,cake,0,478.4401,0,770.91223,400.28998,822.0104,580.761,727.75397,is watching a
cake15.jpg,person,cake,539.0688,1300,21.195797,1309.4941,418.60062,986.09735,925.17975,1263.8506,is watching a
cake16.jpg,person,cake,1.0397263,223.3992,4.2848053,352.81244,197.23062,402.9819,252.84552,339.8698,is watching a
cake3.jpg,person,cake,343.71646,847.5528,209.62215,663.4019,225.28156,552.50275,250.33255,522.23596,is eating a
cake5.jpg,person,cake,313.38608,516.70325,136.52817,435.39026,104.65419,428.55548,273.3235,494.4582,is watching a
cake9.jpg,person,cake,1523.7513,1678.3668,772.6179,1384.428,823.4199,1537.007,268.1746,1167.0055,is watching a
car12.jpg,person,car,180.63014,409.1382,5.2399874,600,184.3001,1000,165.289,589.73425,is standing in front of
car13.jpg,person,car,192.54478,309.40475,2.0663137,366.79572,50.606144,400.0627,118.49812,333.28818,is standing in front of
car14.jpg,person,truck,352.43265,502.10602,61.546074,391.31992,0.76930755,79.75153,43.46511,201.78062,is standing in front of
car15.jpg,person,car,75.84123,239.86212,15.303966,347.6916,417.5302,498.74954,61.082733,92.67532,is getting into a
car19.jpg,person,car,8.153768,222.34523,79.56661,294.04416,346.1027,388.11105,48.828247,65.20489,is driving a
car2.jpg,person,car,411.50458,567.63696,35.58306,533.9771,346.1027,388.11105,48.828247,65.20489,is standing with a
car20.png,person,car,511.86533,573.13245,94.96736,165.05865,60.008175,904.09796,74.2677,413.07678,is driving a
car23.jpg,person,car,242.06754,349.4352,0.054579195,125.4993,4.601279,469.78668,31.897243,449.6135,is getting out of a
car26.jpg,person,car,282.68976,447.54053,32.343906,321.17792,3.7134671,301.37186,30.307104,329.00208,is getting into a
car27.jpg,person,car,156.79022,304.51825,83.014626,238.29741,0.6307471,70.03384,172.42885,287.24246,is getting into a
car28.jpg,person,car,491.6021,669.276,327.53915,624.8901,260.2053,866.08276,410.75803,728.2957,is sitting on a
car3.jpg,person,car,675.4711,801.31177,152.62653,533.64655,29.175459,624.12024,183.94817,478.08682,is standing with a
car31.jpg,person,car,625.5517,718.09393,367.08716,653.3576,498.84302,962.0863,453.07465,648.0082,is standing with a
car4.jpg,person,car,695.4689,816.54474,61.73146,459.723,60.218155,753.48505,132.32463,465.9997,is standing with a
car6.jpg,person,truck,187.9412,529.84607,80.285194,438.80685,13.455553,1082.629,112.15859,838.9424,is standing with a
car7.jpg,person,car,387.9006,624.6896,72.439804,288.1192,0.06964556,65.1118,478.00027,557.8204,is driving a
carrot3.jpg,person,toothbrush,75.794,534.2202,25.12552,461.78223,142.40778,334.34286,178.61485,244.12976,is using a
carrot4.jpg,person,toothbrush,278.17053,628.50366,63.37563,506.2787,314.22046,424.06213,243.2672,323.19687,is using a
carrot5.jpg,person,toothbrush,164.5139,597.03796,55.416965,465.56134,333.77417,424.2853,221.49577,294.23196,is using a
carrot6.jpg,person,toothbrush,162.3639,720.2219,29.423225,510.8709,333.77417,424.2853,221.49577,294.23196,is using a
carrot7.jpg,person,toothbrush,16.390509,555,62.941135,821.77124,8.946831,489.32407,503.6643,748.8582,is using a
carrot8.jpg,person,toothbrush,130.6436,460.05908,87.12261,695.2927,8.946831,489.32407,503.6643,748.8582,is using a
carrot9.jpg,person,toothbrush,28.549402,694.18787,89.58097,512,8.946831,489.32407,503.6643,748.8582,is using a
cellphone1.jpg,person,cell phone,2.3995442,497.76337,25.966482,507.34814,365.39447,534.32294,248.95924,394.87045,is using a
cellphone10.jpg,person,cell phone,79.26021,608.5466,42.912327,507.3626,227.2228,260.40106,208.06543,259.6413,is using a
cellphone11.jpg,person,cell phone,54.96067,541.4711,34.23311,832,227.2228,260.40106,208.06543,259.6413,is using a
cellphone2.jpg,person,cell phone,2.3995442,497.76337,25.966482,507.34814,447.20828,548.1556,140.02937,297.34613,is using a
cellphone3.jpg,person,tie,309.34235,750.0146,0,510.20853,415.2256,505.88928,253.40427,507.34094,is wearing a
cellphone4.jpg,person,cell phone,182.49217,555.44147,121.54998,507.8296,531.02985,582.1217,280.08847,380.3902,is using a
cellphone5.jpg,person,cell phone,305.76144,634.0612,4.194513,498.53186,217.55551,312.827,133.8527,282.5387,is using a
cellphone6.jpg,person,laptop,3.5858152,425.23093,28.231289,564.22156,267.2968,494,355.15845,583.223,is using a
cellphone7.jpg,person,cell phone,0,366.22937,5.1823854,488.0894,55.71555,188.07787,206.55234,374.1061,is using a
cellphone8.jpg,person,cell phone,65.026115,468.08792,113.65796,829.60345,187.91539,263.233,254.35489,334.40857,is using a
chair1.jpg,person,chair,154.54332,386.35556,140.61269,542.58655,255.32503,401.61337,345.79932,564.7639,is sitting on a
chair10.jpg,person,chair,36.268463,424.88715,90.05328,784.1355,266.91714,490.46713,267.08008,743.7566,is sitting on a
chair2.jpg,person,backpack,109.021255,334.60245,40.415306,566.1408,331.41302,452.87692,299.63565,523.99365,is sitting on a
chair3.jpg,person,chair,297.7362,634.29767,75.99626,476.9765,495.3967,678.8098,77.512505,378.81696,is sitting on a
chair4.jpg,person,chair,101.95248,377.1311,25.039501,492.78253,98.656006,294.29382,198.48373,495.6192,is sitting on a
chair5.jpg,person,chair,227.31519,416.10995,118.34474,478.29102,172.62343,416.51813,243.59021,529.31213,is sitting on a
chair6.jpg,person,chair,50.90163,443.36795,51.401413,575.98236,172.62343,416.51813,243.59021,529.31213,is sitting on a
chair7.jpg,person,laptop,20.742878,411.1726,37.45907,554.8081,11.019438,236.92694,201.03998,347.27808,is using a
chair8.jpg,person,tie,11.162186,582.4879,40.654068,744.83954,162.03583,189.60406,186.9363,247.97267,is wearing a
clock1.jpg,person,clock,140.95064,441.4003,138.9918,829.20715,137.11174,198.18959,330.69556,389.92307,is holding a
clock10.jpg,person,clock,170.93532,849.4763,4.7945557,1046.347,707.6979,1196.1907,417.1306,912.41797,is holding a
clock2.jpg,person,clock,119.87804,658.81824,83.25257,506.42737,156.0635,246.43958,262.49707,346.07602,is holding a
clock3.jpg,person,clock,26.073853,406.62238,9.640625,1022.5682,331.85822,819.2542,278.94965,768.1268,is holding a
clock4.jpg,person,clock,156.52316,624.60986,534.7416,1299.2136,169.36174,675.5837,37.384396,527.0914,is holding a
clock5.jpg,person,clock,30.989933,658.3725,45.112137,522.4795,33.275833,256.90436,67.2161,289.45383,is holding a
clock6.jpg,person,clock,17.035702,310.09637,3.2156363,496.27606,41.505535,286.69598,186.1212,421.5567,is holding a
clock7.jpg,person,clock,78.25454,311.6013,5.0433936,267.52866,52.799618,186.56331,114.90772,253.3261,is holding a
clock8.jpg,person,clock,129.93587,383.66803,20.833294,334,283.9687,444.15207,117.36933,279.76212,is holding a
clock9.jpg,person,clock,56.42512,599.0079,28.516502,780.25116,295.32312,572.47845,240.28595,522.7002,is holding a
couch1.jpg,person,sports ball,94.10202,306.12262,154.13745,474.21634,351.83765,383.30826,405.87125,432.36987,is sitting next to a
couch10.jpg,person,cup,403.95825,575.8173,249.14789,468.8476,502.63922,545.49554,448.38025,494.88293,is sitting next to a
couch2.jpg,person,cell phone,91.62889,336.9679,60.721,445.97266,662.34,706.204,446.22223,463.18045,is using a
couch5.jpg,person,cell phone,329.98923,694.1139,12.8875,452.25275,412.7536,441.6262,297.33838,321.94806,is using a
couch7.jpg,person,couch,396.70856,590.7891,132.83098,344.97852,131.21782,768,179.54536,508.83978,is sitting on a
couch9.jpg,person,book,0,487.91113,86.67977,658.51685,106.508736,280.44626,169.7018,310.69937,is reading a
cup1.jpg,person,truck,199.0728,473.09885,45.054207,756.60455,512.8763,611.09357,242.24794,311.79742,is standing with a
cup10.jpg,person,cup,26.302734,568.6138,3.199316,511.42834,445.11465,532.1193,452.40497,511.89066,is using a
cup11.jpg,person,cup,20.982641,757.8456,0,496.0058,294.15048,471.66077,287.0797,423.04117,is holding a
cup12.jpg,person,cup,57.926956,770.13727,62.766777,497.73804,327.48154,422.18732,362.19553,487.0652,is using a
cup13.jpg,person,cup,331.65158,598.56744,47.920654,467.765,403.0739,447.24127,247.3433,303.044,is holding a
cup14.jpg,person,chair,145.37906,469.3089,29.207644,378.23526,587.41925,700,253.1079,344.79932,is holding a
cup2.jpg,person,cake,5.5276794,493.26263,0,512,228.62396,328.2168,366.19595,421.44583,is holding a
cup5.jpg,person,cup,374.24487,656.637,69.36916,506.85364,412.93915,492.4898,225.89258,316.93033,is holding a
cup8.jpg,person,cup,320.2489,571.3089,82.887276,465.48026,339.0049,380.4654,334.20166,366.10706,is using a
cup9.jpg,person,cell phone,44.246105,433.91022,72.05398,508.02515,432.73904,522.81683,387.74936,455.29892,is using a
dog1.jpg,person,dog,49.748825,416.44434,85.62601,491.05878,365.06775,623.07275,130.8006,499,is holding a
dog2.jpg,person,dog,888.22144,983.69104,371.59622,650.62573,540.46124,915.46265,179.48534,802.8567,is holding a
dog3.jpg,person,dog,26.026295,422.70752,1.1116406,400,160.66533,379.4578,196.38046,395.07254,is holding a
dog5.jpg,person,dog,184.71945,885.322,139.15102,815.2291,376.49805,684.51086,108.23737,559.09235,is holding a
donut1.jpg,person,donut,33.985764,599.9375,164.15839,822.72076,159.79453,241.57431,378.95074,456.1083,is eating a
donut2.jpg,person,tie,114.6549,603.56396,5.173761,507.9788,258.66946,409.53366,257.47302,412.95746,is wearing a
donut3.jpg,person,donut,22.090101,567.1195,1.7412106,502.0515,173.47789,306.48608,226.56793,317.41464,is eating a
donut4.jpg,person,donut,130.27739,590.0534,69.07692,505.2465,342.70554,447.25143,232.06718,303.42935,is eating a
donut5.jpg,person,cup,0,337.28723,53.957314,455.86462,429.76852,575.2861,377.1338,461.5619,is using a
donut6.jpg,person,donut,108.50208,638.5153,36.382248,503.8235,250.03337,325.66898,226.95187,300.9248,is holding a
donut7.jpg,person,donut,213.1178,768,99.54085,507.5703,328.65622,427.54614,245.71149,319.51697,is eating a
fork1.jpg,person,tie,203.18277,561.6049,63.460938,463.85632,356.95404,396.3059,249.5876,457.42688,is wearing a
fork11.jpg,person,cup,211.49927,590,0,344.3201,0.64928705,93.80208,254.92212,349.67404,is using a
fork12.jpg,person,wine glass,54.80782,1020,11.946332,574.9253,682.21674,733.04095,352.8076,477.54333,is holding a
fork14.jpg,person,bowl,13.128984,211.66742,1.5296316,218,33.619698,144.65129,167.09395,208.88503,is using a
fork3.jpg,person,knife,84.52862,283.94946,66.15118,282.00458,431.5685,465.9793,267.07538,387.21927,is using a
fork4.jpg,person,tie,73.485306,566.40515,18.694616,390.95947,353.24997,406.40356,249.0967,379.4011,is wearing a
fork5.jpg,person,bottle,52.29719,520.3244,22.803467,472.35504,630.9523,677.74994,110.0611,211.54097,is using a
fork6.jpg,person,bowl,63.738724,517.7552,379.5412,687.12036,103.22995,335.92886,627.682,694.8795,is using a
fork7.jpg,person,bowl,40.513245,540.0819,39.297146,463.27966,451.22366,572.6289,342.2946,408.23727,is using a
fork8.jpg,person,cup,79.244354,422.3418,78.696686,429.82065,423.9986,484.4918,387.65054,462.22958,is using a
fork9.jpg,person,dining table,36.86732,856.2679,31.946253,1106.7964,16.912836,866,993.44214,1292.8083,is using a
hair drier1.jpg,person,baseball bat,422.47128,734.7107,16.32199,509.87192,580.03406,738.06836,171.30827,282.14597,is holding a
hair drier4.jpg,person,tie,87.57759,705.59216,2.204376,511.0627,383.53067,717.69086,253.13356,508.56543,is wearing a
hair drier6.jpg,person,bottle,147.2891,511.5296,161.21579,832,534.4505,546.4335,29.360023,72.606415,is holding a
horse1.jpg,person,horse,132.51172,177.67043,3.6059093,108.61748,40.65356,229.76239,31.008957,164.62122,is riding a
horse2.jpg,person,horse,223.97705,316.54416,37.28823,216.64899,81.965904,413.1094,92.05166,334,is riding a
horse3.jpg,person,horse,708.3157,903.3054,204.88206,762.67926,99.672104,1360.9746,386.55743,923.39,is riding a
horse4.jpg,person,horse,1417.9626,2297.556,0,2451.0059,956.9641,2995.1562,468.48413,3507.1523,is riding a
horse5.jpg,person,horse,43.569916,273.3424,51.444664,427.61853,0.39592433,47.72133,234.52959,338.58173,is riding a
horse6.jpg,person,horse,201.39375,525.21735,43.249737,783.9469,203.9515,614.81714,253.33041,1094.6731,is riding a
horse7.jpg,person,horse,426.0185,690.93225,47.450867,686.88165,136.76945,915.473,263.33026,1015.99744,is riding a
horse8.jpg,person,horse,424.8058,592.79333,65.65437,409.6574,273.02432,934.52655,223.40994,698.8253,is riding a
horse9.jpg,person,horse,301.36163,358.66388,19.908081,177.00195,296.0246,409.03293,28.288584,287.753,is riding a
hot dog10.jpg,person,boat,143.21342,554,324.4752,830.75665,95.466484,262.64688,261.32434,332.317,is standing with a
hot dog5.jpg,person,tie,79.90289,101.56432,242.68068,260.19122,247.14792,366.46133,699.3815,832,is wearing a
hot dog6.jpg,person,donut,0,467,41.26434,687.18243,127.40712,327.21576,452.34583,693.8947,is holding a
hot dog7.jpg,person,car,79.51659,437.34613,156.69629,824.1802,0.49166316,102.65666,354.27988,438.54984,is standing with a
keyboard10.jpg,person,keyboard,49.626694,226.96632,81.33069,414.2476,22.236134,411.62543,25.975592,190.06696,is using a
keyboard11.jpg,person,keyboard,314.54324,770.22974,684.738,1192.9167,458.26743,1360.2606,526.9561,902.99243,is using a
keyboard12.jpg,person,keyboard,478.2431,731.60254,221.72377,527.03064,119.18848,730.9397,159.77522,363.48227,is using a
keyboard14.jpg,person,mouse,59.882633,652.3234,278.8986,649.368,850.9779,955.2489,236.51337,403.23392,is sitting next to a
keyboard15.jpg,person,keyboard,184.75803,826.17523,14.117482,459.15097,116.98118,857.1552,502.66928,670.85236,is using a
keyboard2.jpg,person,keyboard,216.27495,697.78326,1.1599635,360.87598,215.84174,691.5165,204.73705,461.81305,is using a
keyboard4.jpg,person,laptop,0.44698954,452.1761,2.3573813,450.77255,368.51297,636.10767,21.423204,347.18848,is using a
keyboard5.jpg,person,laptop,413.94373,1699.4032,615.6793,1201.1294,0,308.12775,19.015068,520.6658,is using a
keyboard7.jpg,person,laptop,413.94373,1699.4032,615.6793,1201.1294,0,308.12775,19.015068,520.6658,is using a
keyboard9.jpg,person,tv,92.4487,333.7914,433.05658,830.8249,133.63425,468,0,247.9667,is watching a
knife10.jpg,person,bowl,1.2913585,318.84,13.573336,326.1552,206.9096,432.61108,275.69916,339.84634,is using a
knife2.jpg,person,orange,429.22577,769,0,334.0877,332.1718,416.9753,369.2078,448.4939,is holding an
knife5.jpg,person,knife,51.995155,507.38226,0,267.29803,179.75552,326.44016,132.08865,265.47678,is using a
knife6.jpg,person,knife,10.599734,295.20013,0,202.31873,236.01488,483.08926,122.120995,369.97498,is using a
knife7.jpeg,person,cup,66.12328,659.8454,13.592343,436.62735,0,212.07793,354.68076,497,is standing with a
knife8.jpg,person,cup,0,196.89143,0,127.45339,0,96.28475,136.91716,249.90546,is sitting next to a
laptop1.jpg,person,laptop,62.593838,574.79156,120.94292,431.76248,446.9011,713.5806,268.91663,455.28644,is using a
laptop10.jpg,person,laptop,62.593838,574.79156,120.94292,431.76248,317.28604,685.2744,1.1712644,279.95273,is using a
laptop2.jpg,person,laptop,225.79955,686.58466,52.140713,465.86523,74.475395,304.6602,232.88673,423.99152,is using a
laptop3.jpg,person,laptop,377.7411,688.64856,74.410515,421.97928,240.65527,511.14258,259.0721,420.19528,is using a
laptop4.jpg,person,cup,173.66449,448.4661,35.096916,425.05515,141.12263,223.50383,366.64835,434.55377,is using a
laptop5.jpg,person,laptop,329.9865,524.4564,113.91327,362.4144,432.04358,689.0355,260.38333,398.00055,is using a
laptop6.jpg,person,potted plant,129.85892,624.90076,60.528152,426.562,173.42389,282.1677,163.62709,234.86197,is sitting next to a
laptop7.jpg,person,laptop,390.08755,669.7121,75.526794,460.96713,51.6651,269.88785,304.3378,457.60153,is using a
laptop8.jpg,person,laptop,220.2996,439.18625,95.03056,395.6588,139.48724,398.51733,296.19907,459.5886,is using a
laptop9.jpg,person,laptop,107.57026,384.30283,9.112076,422.57852,251.53247,579.64496,229.6959,433.02414,is using a
microwave11.jpg,person,microwave,64.75731,527.48773,155.35349,595.3663,301.84317,505.2626,150.06065,315.04138,is using a
microwave2.jpg,person,microwave,185.04166,628.98816,45.973022,476.68274,301.84317,505.2626,150.06065,315.04138,is using a
microwave3.jpg,person,microwave,256.77057,766.1404,3.2194211,512,301.84317,505.2626,150.06065,315.04138,is using a
microwave4.jpg,person,microwave,256.77057,766.1404,3.2194211,512,301.84317,505.2626,150.06065,315.04138,is using a
microwave6.jpg,person,bowl,0,418.55093,14.482049,490,381.07034,482.45172,264.31448,326.94437,is holding a
microwave7.jpg,person,bowl,328.3784,649.2472,4.1918664,346,278.23538,389.61377,239.10739,290.90143,is holding a
motorcycle1.jpg,person,motorcycle,223.58286,435.66013,86.61747,411.99133,57.45836,557.8824,188.3152,469.45868,is riding a
motorcycle10.jpg,person,motorcycle,693.6825,1226.4045,89.09366,816.31506,489.40567,1181.8241,377.0068,1114.9285,is riding a
motorcycle11.jpg,person,motorcycle,279.21362,494.3699,92.52785,368.35898,220.10918,738.1217,113.63588,459.4331,is riding a
motorcycle12.jpg,person,motorcycle,153.98901,619.3555,66.39359,581.73944,237.11102,632.84094,301.87103,588.1661,is riding a
motorcycle13.jpg,person,motorcycle,377.89084,645.4148,24.73156,436.11414,290.58148,707.89777,179.62721,625.6851,is riding a
motorcycle15.jpg,person,motorcycle,1351.6366,1749.0481,715.53723,1286.4233,102.095856,339.88934,960.8778,1444.8262,is riding a
motorcycle16.jpeg,person,motorcycle,1109.1107,1532.8214,350.7876,1038.4681,790.0524,1838.9854,550.41754,1168.4192,is riding a
motorcycle17.jpg,person,motorcycle,44.820774,121.1809,24.134558,152.56499,1.2972713,203.06638,62.95125,179.84044,is riding a
motorcycle18.jpg,person,motorcycle,375.39716,634.68134,18.343403,394.8005,360.71954,853.4647,69.31752,474.90112,is riding a
motorcycle19.jpg,person,motorcycle,229.60834,453.03156,34.698406,272.70953,160.74187,593.4318,84.63706,377.38873,is riding a
motorcycle2.jpg,person,motorcycle,235.02124,481.512,7.939696,313.7153,185.6859,559.4624,74.170334,387.66245,is riding a
motorcycle20.jpg,person,motorcycle,788.13336,1159.6472,224.89491,654.7716,532.1605,1334.057,330.88257,855.5123,is riding a
motorcycle21.jpg,person,motorcycle,740.177,905.9951,59.153854,395.6073,545.07196,1046.0668,125.06813,450.02026,is riding a
motorcycle22.jpg,person,motorcycle,787.7208,1169.5917,21.70221,762.6149,448.91592,1300.9336,234.72423,1057.2529,is riding a
motorcycle23.jpg,person,motorcycle,262.57516,492.2204,24.44745,384.27554,136.33421,721.7921,111.38504,466.31055,is riding a
motorcycle24.jpg,person,motorcycle,249.5213,425.114,99.6751,333.29596,248.37671,423.16425,158.89932,374.70786,is riding a
motorcycle25.jpg,person,motorcycle,787.7208,1169.5917,21.70221,762.6149,448.91592,1300.9336,234.72423,1057.2529,is riding a
motorcycle26.jpg,person,motorcycle,481.4581,736.11066,107.829636,541.10345,377.85684,943.9228,242.1308,598.0112,is riding a
motorcycle27.jpg,person,motorcycle,846.72754,1150.06,233.1315,732.005,646.6147,1210.2985,305.9482,943.5661,is riding a
motorcycle28.jpg,person,motorcycle,647.2821,1001.49133,259.91852,821.6412,437.23276,1018.0603,294.62622,872.9486,is riding a
motorcycle3.jpg,person,motorcycle,332.1535,558.6764,31.928074,301.21426,229.57079,794.2842,42.63539,375.64426,is riding a
motorcycle30.jpg,person,motorcycle,332.1535,558.6764,31.928074,301.21426,96.942635,605.06006,72.195496,512.09625,is riding a
motorcycle4.jpg,person,motorcycle,365.28122,446.80844,54.620434,221.32144,27.20222,512,113.8586,370.62848,is riding a
motorcycle5.jpg,person,motorcycle,778.23175,1238.3851,75.44266,865.17834,349.29028,1610.7808,324.068,1031.8158,is riding a
motorcycle7.jpg,person,motorcycle,327.767,616.2997,0,573.5235,154.29988,993.36725,129.4505,675,is riding a
motorcycle8.jpg,person,motorcycle,220.80846,497.40234,153.96878,583.7171,149.8858,701.26074,250.89554,816.73303,is riding a
motorcycle9.jpg,person,motorcycle,267.99393,438.0252,0.2353096,437.84515,171.20258,612.02466,144.05669,515.8503,is riding a
mouse1.jpg,person,mouse,89.93919,275.68683,0,317.06836,528.22516,600.17706,263.82892,324.3451,is using a
mouse2.jpg,person,mouse,89.93919,275.68683,0,317.06836,312.90518,409.4824,302.75952,373.11118,is using a
mouse3.jpg,person,mouse,1.8225342,500.40985,7.021924,428.48956,280.884,473.154,39.259262,127.25576,is using a
mouse4.jpg,person,mouse,1.8225342,500.40985,7.021924,428.48956,280.884,473.154,39.259262,127.25576,is using a
mouse5.jpg,person,mouse,89.93919,275.68683,0,317.06836,93.670685,388.29416,268.7862,376.98068,is using a
mouse6.jpg,person,mouse,0.341808,368.08615,285.2076,443.79514,181.95654,269.2937,276.732,333.50583,is using a
mouse7.jpg,person,mouse,11.142517,414.27545,108.4161,482.23804,181.95654,269.2937,276.732,333.50583,is using a
mouse8.jpg,person,mouse,4.730957,228.63293,0,437.9616,128.4753,220.62715,334.72363,440.66202,is using a
orange2.jpg,person,bowl,736.499,1191.8472,630.0856,898.0851,1073.3024,1195.1296,944.07214,1090.6584,is using a
orange3.jpg,person,donut,27.416817,228.77425,7.882009,255.64862,562.78864,795.3054,712.3443,880.3787,is holding a
orange6.jpg,person,bottle,211.63423,415.71527,109.21302,337.11816,128.23376,200.64546,194.29686,371.2659,is using a
orange7.jpg,person,orange,687.7754,1503,19.35521,836.00037,769.5919,991.6712,524.6106,714.08466,is eating a
orange8.jpg,person,bottle,135.9264,278.6237,25.5125,234.23773,11.119444,28.879234,148.23393,205.84575,is using a
orange9.jpg,person,bowl,31.19267,779.7762,54.206875,1283.9738,256.63266,795.12085,1078.3983,1298.3198,is using a
oven1.jpg,person,oven,154.66632,735.7801,50.172913,504,571.6619,747.80115,73.69432,334.67792,is cleaning an
oven10.jpg,person,oven,435.07132,1270.367,147.58116,866,380.39172,718.5047,421.48404,850.48157,is cleaning an
oven11.jpg,person,oven,1.0668182,787.7149,130.484,1052.8027,787.7833,1349.2395,28.81433,1011.9691,is cleaning an
oven12.jpg,person,oven,295.1117,581.36475,0,332.70996,153.5273,368.7176,19.707546,310.41165,is using an
oven13.jpg,person,oven,658.14276,1293.4869,30.886948,860.94855,75.8234,918.1316,54.42792,866,is using an
oven14.jpg,person,oven,405.88397,727.6821,20.097342,480,8.623581,463.13394,24.188488,475.67993,is using an
oven16.jpg,person,oven,449.83926,984.7811,52.03408,682.74084,212.5435,568.1725,186.59958,678.37354,is using an
oven18.jpg,person,oven,126.5359,360.3363,36.662895,433.0799,316.0701,648.4393,22.495644,431.94852,is using an
oven19.jpg,person,oven,426.71103,950.0464,52.40801,567.27216,848.2501,1023.2659,254.70737,571.2183,is using an
oven2.jpg,person,oven,0,480.8622,55.662056,512,848.2501,1023.2659,254.70737,571.2183,is using an
oven20.jpg,person,oven,582.1968,1023.65265,49.649437,728.6929,58.067116,598.94727,146.47005,726.90106,is using an
oven5.jpg,person,oven,220.37933,258.7314,42.957695,169.58734,544.73663,699.62006,6.090996,464.4849,is cleaning an
oven6.jpg,person,oven,14.263672,308.00357,4.0613265,398.081,544.73663,699.62006,6.090996,464.4849,is cleaning an
oven7.jpg,person,oven,24.80587,1006.8381,6.5996695,1001.7426,1165.5573,1597.6992,0,905.2673,is cleaning an
person11.jpg,person,bed,413.02478,1091.3083,2.6842306,939,946.32513,1500,685.9859,930.58417,is sitting on a
person12.jpg,person,dog,336.84546,491.99036,2.0781646,334.18668,175.76566,370.16837,107.45943,333.2096,is holding a
person13.PNG,person,bowl,168.51534,652.1303,10.912456,420.0652,0,141.66632,325.51263,405.22003,is using a
person14.png,person,cup,88.90658,983.5055,2.8019862,600,149.19339,203.29471,299.21884,403.8368,is using a
person16.jpg,person,horse,385.8741,534.6681,24.655485,313.81183,109.70347,655.3479,93.94406,488.57025,is riding a
person17.jpg,person,horse,222.0556,283.40045,26.660248,194.28955,130.32988,352.0429,65.369934,231.2353,is riding a
person3.jpg,person,laptop,160.58731,545.4529,0,414.64664,257.3808,391.72595,240.94453,346.25568,is holding a
person4.jpg,person,laptop,201.3186,653.9822,6.690514,534,254.44751,435.18597,347.4758,475.7579,is holding a
person6.png,person,cell phone,219.9699,793.43933,34.705486,612,400.06024,580.2221,355.60165,578.14105,is using a
person7.jpg,person,tie,42.47931,368.03043,0,528.0725,923.2479,984.6789,145.88626,309.1291,is wearing a
person8.jpg,person,potted plant,171.18912,766.4226,6.0477233,512,219.38332,289.99384,12.893763,122.60621,is sitting next to a
person9.PNG,person,cup,93.75625,616.0549,92.15293,602.6567,136.33694,241.45901,460.68393,587.87213,is holding a
pizza2.jpg,person,donut,4.199486,751.4302,4.5192943,520.8918,273.17593,656.6099,265.1329,432.5549,is eating a
pizza3.jpg,person,donut,25.206158,625.6771,44.185535,438.82123,273.17593,656.6099,265.1329,432.5549,is holding a
pizza4.jpg,person,cake,193.98047,394.7582,44.541454,286.46802,163.79684,493.80798,314.75046,412.99805,is eating a
pizza5.jpg,person,chair,964.2098,1500,176.81137,987.7518,349.61743,532.0061,655.7504,801.91,is sitting on a
pizza6.jpg,person,pizza,784.79126,1196.9769,11.800827,744.50714,333.15198,930.78827,521.2288,779.6253,is eating a
pizza7.jpg,person,cup,0.005341427,193.12448,18.258423,301.96832,375.38937,426.47733,327.1921,408.92264,is using a
pizza8.jpg,person,donut,11.859213,593.8605,7.3850074,395,112.09125,329.07367,224.67012,382.90732,is eating a
pizza9.jpg,person,cake,0,281.63596,15.819813,384.10248,148.42787,547.9713,202.89955,420.34213,is watching a
potted plant1.jpg,person,potted plant,236.47913,576.78906,16.475067,512,456.90906,590.2821,200.42628,501.51923,is watering a
potted plant10.jpg,person,vase,226.90547,495.32254,6.8764653,379.3023,75.17211,215.93777,216.36594,372.41315,is watering a
potted plant11.jpg,person,vase,429.44977,1073.352,54.825405,927.21576,202.928,473.8822,719.73145,1028.2483,is watering a
potted plant2.jpg,person,vase,23.73292,278.64374,21.608305,455.57037,317.0754,476.3016,353.61884,466.34125,is watering a
potted plant5.jpg,person,bowl,113.71508,958.5741,85.011215,821,581.82324,969.576,663.51544,812.8113,is holding a
potted plant6.jpg,person,cup,158.606,470.3165,14.371381,361.2947,408.1374,458.23972,295.4772,336.67337,is sitting next to a
potted plant9.jpg,person,potted plant,545.5368,819.2077,366.10394,859.55865,680.88745,869.25116,628.7803,858.79974,is watering a
remote1.jpg,person,remote,0,585.39325,60.190685,828,133.9733,294.77072,505.4965,732.8183,is using a
remote2.jpg,person,remote,60.65883,536.78864,28.001099,736.6578,218.45659,297.95224,550.81903,654.3974,is using a
remote3.jpg,person,book,227.32066,732.71375,26.090446,512,37.986877,253.92589,349.38052,418.45676,is holding a
remote4.jpg,person,remote,158.606,470.3165,14.371381,361.2947,257.0537,382.338,191.30243,441.17224,is using a
remote5.jpg,person,remote,158.606,470.3165,14.371381,361.2947,307.6139,362.58414,214.17339,343.1109,is holding a
remote6.jpg,person,remote,459.86197,760.5692,134.33392,497.23544,495.6265,627.99603,47.680046,344.6473,is holding a
remote7.jpg,person,cell phone,28.20712,698.80896,24.77847,470.29037,143.70944,245.66899,152.26038,202.31897,is holding a
remote8.jpg,person,remote,311.19376,496.372,353.65375,511.7663,310.12857,379.58405,350.48853,455.57095,is holding a
scissors1.jpg,person,remote,0,478.7368,344.68607,830.36945,188.8461,328.41098,321.12296,372.26715,is holding a
scissors4.jpg,person,scissors,374.35013,552.7257,1.1278992,211.69092,174.67073,370.79166,454.0783,597.32855,is using a
scissors5.jpg,person,scissors,374.35013,552.7257,1.1278992,211.69092,202.50949,470.56055,480.653,738.80304,is using a
scissors6.jpg,person,scissors,30.264809,755.1929,0,500.30658,131.82628,390.2743,138.22699,342.163,is using a
scissors7.jpg,person,dog,444.04846,721.4883,1.5297879,192.71794,1.3137635,502.04834,150.832,506.8835,is holding a
scissors8.jpg,person,scissors,7.9333916,688.8097,6.2882004,492.7453,329.03726,611.5053,26.187073,195.96262,is using a
scissors9.jpg,person,cell phone,7.6670685,563,25.15584,832,143.44257,425.98132,598.89764,760.72424,is holding a
sink1.jpg,person,sink,92.06677,395.7891,43.093384,507.77393,52.170067,288.43344,414.03262,498.95312,is standing with a
sink10.jpg,person,potted plant,7.381998,267.57358,6.996777,494.73026,246.624,414.91602,42.261105,215.57748,is standing with a
sink3.jpg,person,bottle,272.78787,553.1686,67.24697,508.73987,57.906734,93.38349,352.621,472.39682,is holding a
sink5.jpg,person,bottle,5.342871,435.0047,126.986694,505.41953,375.41217,394.50574,152.1423,201.87694,is holding a
sink6.jpg,person,spoon,177.01428,592.3207,8.173516,491.89404,247.45163,277.4866,215.72188,300.2678,is holding a
sink7.jpg,person,clock,154.51607,343.98102,26.478455,312.10596,0.13605651,63.36251,0.31032714,91.59154,is standing with a
spoon1.jpg,person,bowl,72.47333,731.908,60.694782,508.26312,249.05908,482.29605,403.43002,508.05188,is using a
spoon2.jpg,person,bowl,19.439539,500.34668,20.748714,423.1172,203.70338,405.65198,314.08765,418.10785,is using a
stop sign1.jpg,person,stop sign,50.692787,1072.3339,166.42014,758.8513,914.0225,1485.5017,176.23166,593.96936,is holding a
stop sign2.jpg,person,stop sign,14.0925255,186.80031,27.471584,208.00784,173.46393,293.02487,42.175304,159.23033,is holding a
stop sign3.jpg,person,stop sign,323.00793,603.266,35.127552,392.56448,71.10239,328.80457,81.77009,341.73587,is holding a
stop sign4.jpg,person,stop sign,392.4973,944.8906,196.98412,827,737.5055,1110.9061,107.76129,477.19113,is holding a
stop sign5.jpg,person,baseball glove,265.90802,620.8167,146.15796,672.54645,568.0187,616.27783,173.15091,263.87457,is wearing a
stop sign6.jpg,person,stop sign,122.892845,750.0096,28.547432,747,682.85754,1065.6534,75.82595,453.22943,is standing with a
stop sign7.jpg,person,stop sign,462.94373,782.0785,12.250662,466.2677,174.17747,465.45126,55.29082,349.28488,is standing with a
teddy bear1.jpg,person,teddy bear,462.94373,782.0785,12.250662,466.2677,5.8226395,458.41022,13.375923,474.90436,is holding a
teddy bear10.jpg,person,teddy bear,22.709188,804.2163,85.777664,1300,136.91292,805.06067,613.7842,1272.4471,is holding a
teddy bear11.jpg,person,teddy bear,118.434685,590.7841,42.666496,608.7504,118.66373,358.20892,159.48698,412.03012,is holding a
teddy bear12.jpg,person,teddy bear,178.35768,849.1416,132.42389,1324.296,375.24243,723.1953,640.9147,1168.8346,is holding a
teddy bear13.jpg,person,teddy bear,222.65068,674.68115,63.227802,1271.0931,330.61508,689.8828,192.35506,804.1974,is holding a
teddy bear14.jpg,person,teddy bear,79.44858,480.35864,0,1274.8636,112.169754,493.83963,773.29724,1198.8018,is holding a
teddy bear3.jpg,person,teddy bear,79.44858,480.35864,0,1274.8636,0,614.27124,22.424114,827,is sitting with a
teddy bear8.jpg,person,teddy bear,31.151648,246.55112,127.39909,509.9593,231.68692,472.15634,101.638405,483.94708,is sitting with a
toilet1.jpg,person,toilet,136.08908,536.201,197.66837,816.14844,12.768988,345.54846,373.4833,771.78033,is sitting on a
toilet10.jpg,person,cup,72.33529,521.41614,51.038685,815.0963,54.14622,119.51357,629.3685,750.229,is holding a
toilet2.jpg,person,toilet,93.47846,342.03656,80.78531,448.82217,242.24947,438.99744,185.7082,459.0552,is sitting on a
toilet3.jpg,person,toilet,188.17519,762.9561,0,498.70758,470.5572,767.7907,282.36194,506.9823,is sitting on a
toilet5.jpg,person,toilet,181.76678,534.55804,52.4445,617.6149,203.75415,524.0584,310.869,624.66144,is sitting on a
toilet6.jpg,person,sink,191.12053,357.72092,65.5517,412.5066,230.2539,414.05035,16.652906,99.20916,is sitting next to a
toilet9.jpg,person,toilet,78.03713,349.6314,226.15538,619.24176,170.83374,425.58725,254.70485,692.4501,is sitting on a
toothbrush1.jpeg,person,bottle,200.86566,367.131,46.547886,365.9351,334.8507,365.19745,340.2835,387.1332,is standing with a
toothbrush2.jpg,person,cup,296.75372,502.14545,67.209724,355.2945,325.88245,390.9901,322.04077,396.73892,is standing with a
toothbrush3.jpg,person,toothbrush,111.44299,267.60718,93.22576,327.56375,1143.7867,1544.6898,688.04517,819.5394,is using a
toothbrush4.jpg,person,bottle,3.4365468,264.9064,0,544.01196,649.01135,694.05,482.79166,548.9189,is using a
toothbrush5.jpg,person,toothbrush,424.14685,1191.0677,0.35096166,476.10654,693.915,1191.7262,244.39166,331.47305,is using a
toothbrush6.jpg,person,toothbrush,13.045549,650,6.9030347,417.2517,6.821545,414.0325,196.41951,268.96854,is using a
toothbrush7.jpg,person,toothbrush,1.6140943,272.81268,228.13235,411.6448,228.08006,430.38083,220.53091,309.2147,is using a
toothbrush8.jpg,person,toothbrush,99.7129,965.3103,14.8011,685.9209,333.83264,744.1418,468.73834,605.26855,is using a
toothbrush9.jpg,person,cup,445.29413,794.53534,257.9141,636.55536,751.0973,888.74713,549.8598,708.0541,is using a
truck4.jpg,person,car,815.9929,1472.05,405.38535,1082.9257,395.30292,1698,84.65255,1120.859,is sitting on a
truck7.jpg,person,car,401.57947,793.7965,71.914894,379.61685,1.3808105,1014.4131,176.11607,540.7904,is getting out of a
tv1.jpg,person,potted plant,10.325044,145.88228,139.4983,449.6128,135.77492,239.6981,60.856934,184.92818,is watching a
tv2.jpg,person,tv,8.807136,381.95538,72.70084,434.12762,297.60727,556.37885,65.66684,233.62473,is watching a
tv3.jpg,person,tv,98.673485,442.20062,204.5795,790.57556,144.01038,422.7345,133.49913,310.98126,is watching a
tv5.jpg,person,chair,85.620705,432.1854,106.057434,468.0407,1.3053006,120.741104,329.50266,465.65277,is sitting on a
tv6.jpg,person,tv,439.05634,680.7712,188.41385,457.48563,8.82496,319.82816,64.98522,256.5525,is watching a
wine glass1.jpg,person,bottle,72.28095,485.61334,46.776596,479.24295,549.6523,597.4892,180.59085,319.95892,is holding a
wine glass2.jpg,person,wine glass,0,693.9274,0,487.1812,205.51982,355.22205,122.98035,444.656,is holding a
wine glass3.jpg,person,chair,71.54478,462.18744,121.858376,818.02893,388.8424,551.95764,412.47678,832,is sitting on a
wine glass4.jpg,person,wine glass,0,543.0019,5.0498776,828.1946,113.39655,256.69208,357.75266,740.1437,is holding a
wine glass5.jpg,person,wine glass,2.5678158,231.71635,153.13101,456.59677,310.20932,419.789,51.06295,330.38733,is holding a
wine glass6.jpg,person,bottle,83.449715,322.5321,18.72705,425.99225,332.3837,365.85065,346.75745,463.514,is holding a
wine glass7.jpg,person,wine glass,0.7384515,271.4817,0,457.77353,257.99902,335.4269,230.82304,348.2222,is using a
wine glass8.jpg,person,wine glass,113.51262,264.72955,217.19234,387.12823,223.18304,334.34122,349.6074,586.39484,is using a
wine glass9.jpg,person,wine glass,301.7576,615.51746,0,387.3187,403.3037,500.74783,177.24332,418.5729,is using a
zidane.jpg,person,tie,744.79694,1160.3818,36.9758,710.3158,431.52362,522.2517,432.07904,714.08,is wearing a
